-- MySQL dump 10.13  Distrib 8.0.34, for Win64 (x86_64)
--
-- Host: localhost    Database: formybaby
-- ------------------------------------------------------
-- Server version	8.0.35

/*!40101 SET @OLD_CHARACTER_SET_CLIENT=@@CHARACTER_SET_CLIENT */;
/*!40101 SET @OLD_CHARACTER_SET_RESULTS=@@CHARACTER_SET_RESULTS */;
/*!40101 SET @OLD_COLLATION_CONNECTION=@@COLLATION_CONNECTION */;
/*!50503 SET NAMES utf8 */;
/*!40103 SET @OLD_TIME_ZONE=@@TIME_ZONE */;
/*!40103 SET TIME_ZONE='+00:00' */;
/*!40014 SET @OLD_UNIQUE_CHECKS=@@UNIQUE_CHECKS, UNIQUE_CHECKS=0 */;
/*!40014 SET @OLD_FOREIGN_KEY_CHECKS=@@FOREIGN_KEY_CHECKS, FOREIGN_KEY_CHECKS=0 */;
/*!40101 SET @OLD_SQL_MODE=@@SQL_MODE, SQL_MODE='NO_AUTO_VALUE_ON_ZERO' */;
/*!40111 SET @OLD_SQL_NOTES=@@SQL_NOTES, SQL_NOTES=0 */;

--
-- Table structure for table `baby`
--

DROP TABLE IF EXISTS `baby`;
/*!40101 SET @saved_cs_client     = @@character_set_client */;
/*!50503 SET character_set_client = utf8mb4 */;
CREATE TABLE `baby` (
  `baby_id` bigint NOT NULL AUTO_INCREMENT,
  `baby_gender` enum('male','female') NOT NULL,
  `baby_name` varchar(255) NOT NULL,
  `birth_date` date NOT NULL,
  `profile_img` varchar(255) DEFAULT NULL,
  PRIMARY KEY (`baby_id`)
) ENGINE=InnoDB DEFAULT CHARSET=utf8mb4 COLLATE=utf8mb4_0900_ai_ci;
/*!40101 SET character_set_client = @saved_cs_client */;

--
-- Dumping data for table `baby`
--

LOCK TABLES `baby` WRITE;
/*!40000 ALTER TABLE `baby` DISABLE KEYS */;
/*!40000 ALTER TABLE `baby` ENABLE KEYS */;
UNLOCK TABLES;

--
-- Table structure for table `batch_job_execution`
--

DROP TABLE IF EXISTS `batch_job_execution`;
/*!40101 SET @saved_cs_client     = @@character_set_client */;
/*!50503 SET character_set_client = utf8mb4 */;
CREATE TABLE `batch_job_execution` (
  `JOB_EXECUTION_ID` bigint NOT NULL,
  `VERSION` bigint DEFAULT NULL,
  `JOB_INSTANCE_ID` bigint NOT NULL,
  `CREATE_TIME` datetime(6) NOT NULL,
  `START_TIME` datetime(6) DEFAULT NULL,
  `END_TIME` datetime(6) DEFAULT NULL,
  `STATUS` varchar(10) DEFAULT NULL,
  `EXIT_CODE` varchar(2500) DEFAULT NULL,
  `EXIT_MESSAGE` varchar(2500) DEFAULT NULL,
  `LAST_UPDATED` datetime(6) DEFAULT NULL,
  PRIMARY KEY (`JOB_EXECUTION_ID`),
  KEY `JOB_INST_EXEC_FK` (`JOB_INSTANCE_ID`),
  CONSTRAINT `JOB_INST_EXEC_FK` FOREIGN KEY (`JOB_INSTANCE_ID`) REFERENCES `batch_job_instance` (`JOB_INSTANCE_ID`)
) ENGINE=InnoDB DEFAULT CHARSET=utf8mb4 COLLATE=utf8mb4_0900_ai_ci;
/*!40101 SET character_set_client = @saved_cs_client */;

--
-- Dumping data for table `batch_job_execution`
--

LOCK TABLES `batch_job_execution` WRITE;
/*!40000 ALTER TABLE `batch_job_execution` DISABLE KEYS */;
INSERT INTO `batch_job_execution` VALUES (1,2,1,'2024-03-31 08:45:50.295150','2024-03-31 08:45:50.321081','2024-03-31 08:45:50.485640','COMPLETED','COMPLETED','','2024-03-31 08:45:50.485640'),(2,2,2,'2024-03-31 08:46:00.012275','2024-03-31 08:46:00.022247','2024-03-31 08:46:00.105025','COMPLETED','COMPLETED','','2024-03-31 08:46:00.106022'),(3,2,3,'2024-03-31 08:46:00.114133','2024-03-31 08:46:00.120077','2024-03-31 08:46:00.192902','COMPLETED','COMPLETED','','2024-03-31 08:46:00.192902'),(4,2,4,'2024-03-31 08:46:53.792964','2024-03-31 08:46:53.801940','2024-03-31 08:46:53.839838','COMPLETED','COMPLETED','','2024-03-31 08:46:53.839838'),(5,2,5,'2024-03-31 08:47:42.662982','2024-03-31 08:47:42.693899','2024-03-31 08:47:42.869427','COMPLETED','COMPLETED','','2024-03-31 08:47:42.870425'),(6,2,6,'2024-03-31 08:48:00.018786','2024-03-31 08:48:00.030758','2024-03-31 08:48:00.116529','COMPLETED','COMPLETED','','2024-03-31 08:48:00.117526'),(7,2,7,'2024-03-31 08:48:00.125508','2024-03-31 08:48:00.132490','2024-03-31 08:48:00.195317','COMPLETED','COMPLETED','','2024-03-31 08:48:00.195317'),(8,2,8,'2024-03-31 08:49:42.170539','2024-03-31 08:49:42.179500','2024-03-31 08:49:42.225377','COMPLETED','COMPLETED','','2024-03-31 08:49:42.225377'),(9,2,9,'2024-03-31 08:49:44.965680','2024-03-31 08:49:44.974650','2024-03-31 08:49:45.033493','COMPLETED','COMPLETED','','2024-03-31 08:49:45.034490'),(10,2,10,'2024-03-31 08:49:49.443649','2024-03-31 08:49:49.451626','2024-03-31 08:49:49.514457','COMPLETED','COMPLETED','','2024-03-31 08:49:49.514457'),(11,2,11,'2024-03-31 08:49:52.355771','2024-03-31 08:49:52.366744','2024-03-31 08:49:52.428601','COMPLETED','COMPLETED','','2024-03-31 08:49:52.428601'),(12,2,12,'2024-03-31 08:49:58.486531','2024-03-31 08:49:58.498498','2024-03-31 08:49:58.558338','COMPLETED','COMPLETED','','2024-03-31 08:49:58.559349'),(13,2,13,'2024-03-31 08:50:01.108189','2024-03-31 08:50:01.116164','2024-03-31 08:50:01.152067','COMPLETED','COMPLETED','','2024-03-31 08:50:01.153064'),(14,2,14,'2024-03-31 08:50:17.207092','2024-03-31 08:50:17.214046','2024-03-31 08:50:17.247955','COMPLETED','COMPLETED','','2024-03-31 08:50:17.247955'),(15,2,15,'2024-03-31 08:50:19.725244','2024-03-31 08:50:19.732240','2024-03-31 08:50:19.768124','COMPLETED','COMPLETED','','2024-03-31 08:50:19.769123'),(16,2,16,'2024-03-31 08:51:25.077577','2024-03-31 08:51:25.085556','2024-03-31 08:51:25.119491','COMPLETED','COMPLETED','','2024-03-31 08:51:25.120505'),(17,2,17,'2024-04-01 08:35:11.930529','2024-04-01 08:35:11.951469','2024-04-01 08:35:12.077162','COMPLETED','COMPLETED','','2024-04-01 08:35:12.077162'),(18,2,18,'2024-04-01 08:36:00.026690','2024-04-01 08:36:00.035666','2024-04-01 08:36:00.120439','COMPLETED','COMPLETED','','2024-04-01 08:36:00.121437'),(19,2,19,'2024-04-01 08:36:00.131409','2024-04-01 08:36:00.141383','2024-04-01 08:36:00.204215','COMPLETED','COMPLETED','','2024-04-01 08:36:00.204215'),(20,2,20,'2024-04-01 08:38:00.025361','2024-04-01 08:38:00.034338','2024-04-01 08:38:00.094177','COMPLETED','COMPLETED','','2024-04-01 08:38:00.094177'),(21,2,21,'2024-04-01 08:38:00.102156','2024-04-01 08:38:00.112129','2024-04-01 08:38:00.173964','COMPLETED','COMPLETED','','2024-04-01 08:38:00.173964'),(22,2,22,'2024-04-01 08:40:00.019182','2024-04-01 08:40:00.027167','2024-04-01 08:40:00.092984','COMPLETED','COMPLETED','','2024-04-01 08:40:00.092984'),(23,2,23,'2024-04-01 08:40:00.101968','2024-04-01 08:40:00.111938','2024-04-01 08:40:00.175762','COMPLETED','COMPLETED','','2024-04-01 08:40:00.175762'),(24,2,24,'2024-04-01 08:42:00.020644','2024-04-01 08:42:00.027637','2024-04-01 08:42:00.083476','COMPLETED','COMPLETED','','2024-04-01 08:42:00.083476'),(25,2,25,'2024-04-01 08:42:00.091462','2024-04-01 08:42:00.098435','2024-04-01 08:42:00.168248','COMPLETED','COMPLETED','','2024-04-01 08:42:00.168248'),(26,2,26,'2024-04-01 08:44:00.019218','2024-04-01 08:44:00.029205','2024-04-01 08:44:00.086038','COMPLETED','COMPLETED','','2024-04-01 08:44:00.086038'),(27,2,27,'2024-04-01 08:44:00.093023','2024-04-01 08:44:00.101996','2024-04-01 08:44:00.155852','COMPLETED','COMPLETED','','2024-04-01 08:44:00.155852'),(28,2,28,'2024-04-01 08:46:00.020808','2024-04-01 08:46:00.027789','2024-04-01 08:46:00.078653','COMPLETED','COMPLETED','','2024-04-01 08:46:00.078653'),(29,2,29,'2024-04-01 08:46:00.093613','2024-04-01 08:46:00.109584','2024-04-01 08:46:00.170408','COMPLETED','COMPLETED','','2024-04-01 08:46:00.170408'),(30,2,30,'2024-04-01 08:48:00.024612','2024-04-01 08:48:00.032591','2024-04-01 08:48:00.083507','COMPLETED','COMPLETED','','2024-04-01 08:48:00.083507'),(31,2,31,'2024-04-01 08:48:00.089496','2024-04-01 08:48:00.096473','2024-04-01 08:48:00.147344','COMPLETED','COMPLETED','','2024-04-01 08:48:00.147344'),(32,2,32,'2024-04-01 08:50:00.025600','2024-04-01 08:50:00.033581','2024-04-01 08:50:00.083450','COMPLETED','COMPLETED','','2024-04-01 08:50:00.083450'),(33,2,33,'2024-04-01 08:50:00.090431','2024-04-01 08:50:00.095423','2024-04-01 08:50:00.150279','COMPLETED','COMPLETED','','2024-04-01 08:50:00.150279'),(34,2,34,'2024-04-01 08:52:00.021027','2024-04-01 08:52:00.029006','2024-04-01 08:52:00.077882','COMPLETED','COMPLETED','','2024-04-01 08:52:00.077882'),(35,2,35,'2024-04-01 08:52:00.084864','2024-04-01 08:52:00.090844','2024-04-01 08:52:00.137722','COMPLETED','COMPLETED','','2024-04-01 08:52:00.137722'),(36,2,36,'2024-04-01 08:54:01.184620','2024-04-01 08:54:01.204558','2024-04-01 08:54:01.326245','COMPLETED','COMPLETED','','2024-04-01 08:54:01.326245'),(37,2,37,'2024-04-01 08:56:00.026497','2024-04-01 08:56:00.036476','2024-04-01 08:56:00.120251','COMPLETED','COMPLETED','','2024-04-01 08:56:00.120251'),(38,2,38,'2024-04-01 08:56:00.131222','2024-04-01 08:56:00.137207','2024-04-01 08:56:00.204032','COMPLETED','COMPLETED','','2024-04-01 08:56:00.204032'),(39,2,39,'2024-04-01 08:58:00.021766','2024-04-01 08:58:00.030714','2024-04-01 08:58:00.088562','COMPLETED','COMPLETED','','2024-04-01 08:58:00.088562'),(40,2,40,'2024-04-01 08:58:00.096546','2024-04-01 08:58:00.102530','2024-04-01 08:58:00.165361','COMPLETED','COMPLETED','','2024-04-01 08:58:00.165361'),(41,2,41,'2024-04-01 08:58:57.429561','2024-04-01 08:58:57.451508','2024-04-01 08:58:57.577214','COMPLETED','COMPLETED','','2024-04-01 08:58:57.577214'),(42,2,42,'2024-04-01 09:00:00.023206','2024-04-01 09:00:00.033180','2024-04-01 09:00:00.135910','COMPLETED','COMPLETED','','2024-04-01 09:00:00.135910'),(43,2,43,'2024-04-01 09:00:00.178799','2024-04-01 09:00:00.190766','2024-04-01 09:00:00.261931','COMPLETED','COMPLETED','','2024-04-01 09:00:00.261931'),(44,2,44,'2024-04-01 23:27:18.172004','2024-04-01 23:27:18.180979','2024-04-01 23:27:18.261763','COMPLETED','COMPLETED','','2024-04-01 23:27:18.261763'),(45,2,45,'2024-04-01 23:27:18.270745','2024-04-01 23:27:18.279715','2024-04-01 23:27:18.353518','COMPLETED','COMPLETED','','2024-04-01 23:27:18.354515'),(46,2,46,'2024-04-01 23:28:00.015284','2024-04-01 23:28:00.022265','2024-04-01 23:28:00.088089','COMPLETED','COMPLETED','','2024-04-01 23:28:00.089086'),(47,2,47,'2024-04-01 23:28:00.096085','2024-04-01 23:28:00.103049','2024-04-01 23:28:00.168873','COMPLETED','COMPLETED','','2024-04-01 23:28:00.168873'),(48,2,48,'2024-04-01 23:30:00.020856','2024-04-01 23:30:00.031792','2024-04-01 23:30:00.089669','COMPLETED','COMPLETED','','2024-04-01 23:30:00.090661'),(49,2,49,'2024-04-01 23:30:00.098639','2024-04-01 23:30:00.108612','2024-04-01 23:30:00.173439','COMPLETED','COMPLETED','','2024-04-01 23:30:00.174437'),(50,2,50,'2024-04-02 00:22:54.808395','2024-04-02 00:22:54.829339','2024-04-02 00:22:54.957996','COMPLETED','COMPLETED','','2024-04-02 00:22:54.957996'),(51,2,51,'2024-04-02 00:24:00.012074','2024-04-02 00:24:00.018058','2024-04-02 00:24:00.115796','COMPLETED','COMPLETED','','2024-04-02 00:24:00.115796'),(52,2,52,'2024-04-02 00:24:00.124772','2024-04-02 00:24:00.136740','2024-04-02 00:24:00.202564','COMPLETED','COMPLETED','','2024-04-02 00:24:00.202564'),(53,2,53,'2024-04-02 01:33:29.455432','2024-04-02 01:33:29.477374','2024-04-02 01:33:29.623981','COMPLETED','COMPLETED','','2024-04-02 01:33:29.623981'),(54,2,54,'2024-04-02 01:34:00.019827','2024-04-02 01:34:00.028803','2024-04-02 01:34:00.141502','COMPLETED','COMPLETED','','2024-04-02 01:34:00.141502'),(55,2,55,'2024-04-02 01:34:00.153469','2024-04-02 01:34:00.160452','2024-04-02 01:34:00.238248','COMPLETED','COMPLETED','','2024-04-02 01:34:00.238248'),(56,2,56,'2024-04-02 01:36:00.010945','2024-04-02 01:36:00.018924','2024-04-02 01:36:00.082754','COMPLETED','COMPLETED','','2024-04-02 01:36:00.082754'),(57,2,57,'2024-04-02 01:36:00.094721','2024-04-02 01:36:00.101702','2024-04-02 01:36:00.174507','COMPLETED','COMPLETED','','2024-04-02 01:36:00.174507');
/*!40000 ALTER TABLE `batch_job_execution` ENABLE KEYS */;
UNLOCK TABLES;

--
-- Table structure for table `batch_job_execution_context`
--

DROP TABLE IF EXISTS `batch_job_execution_context`;
/*!40101 SET @saved_cs_client     = @@character_set_client */;
/*!50503 SET character_set_client = utf8mb4 */;
CREATE TABLE `batch_job_execution_context` (
  `JOB_EXECUTION_ID` bigint NOT NULL,
  `SHORT_CONTEXT` varchar(2500) NOT NULL,
  `SERIALIZED_CONTEXT` text,
  PRIMARY KEY (`JOB_EXECUTION_ID`),
  CONSTRAINT `JOB_EXEC_CTX_FK` FOREIGN KEY (`JOB_EXECUTION_ID`) REFERENCES `batch_job_execution` (`JOB_EXECUTION_ID`)
) ENGINE=InnoDB DEFAULT CHARSET=utf8mb4 COLLATE=utf8mb4_0900_ai_ci;
/*!40101 SET character_set_client = @saved_cs_client */;

--
-- Dumping data for table `batch_job_execution_context`
--

LOCK TABLES `batch_job_execution_context` WRITE;
/*!40000 ALTER TABLE `batch_job_execution_context` DISABLE KEYS */;
INSERT INTO `batch_job_execution_context` VALUES (1,'rO0ABXNyABFqYXZhLnV0aWwuSGFzaE1hcAUH2sHDFmDRAwACRgAKbG9hZEZhY3RvckkACXRocmVzaG9sZHhwP0AAAAAAAAx3CAAAABAAAAABdAANYmF0Y2gudmVyc2lvbnQABTUuMS4xeA==',NULL),(2,'rO0ABXNyABFqYXZhLnV0aWwuSGFzaE1hcAUH2sHDFmDRAwACRgAKbG9hZEZhY3RvckkACXRocmVzaG9sZHhwP0AAAAAAAAx3CAAAABAAAAABdAANYmF0Y2gudmVyc2lvbnQABTUuMS4xeA==',NULL),(3,'rO0ABXNyABFqYXZhLnV0aWwuSGFzaE1hcAUH2sHDFmDRAwACRgAKbG9hZEZhY3RvckkACXRocmVzaG9sZHhwP0AAAAAAAAx3CAAAABAAAAABdAANYmF0Y2gudmVyc2lvbnQABTUuMS4xeA==',NULL),(4,'rO0ABXNyABFqYXZhLnV0aWwuSGFzaE1hcAUH2sHDFmDRAwACRgAKbG9hZEZhY3RvckkACXRocmVzaG9sZHhwP0AAAAAAAAx3CAAAABAAAAABdAANYmF0Y2gudmVyc2lvbnQABTUuMS4xeA==',NULL),(5,'rO0ABXNyABFqYXZhLnV0aWwuSGFzaE1hcAUH2sHDFmDRAwACRgAKbG9hZEZhY3RvckkACXRocmVzaG9sZHhwP0AAAAAAAAx3CAAAABAAAAABdAANYmF0Y2gudmVyc2lvbnQABTUuMS4xeA==',NULL),(6,'rO0ABXNyABFqYXZhLnV0aWwuSGFzaE1hcAUH2sHDFmDRAwACRgAKbG9hZEZhY3RvckkACXRocmVzaG9sZHhwP0AAAAAAAAx3CAAAABAAAAABdAANYmF0Y2gudmVyc2lvbnQABTUuMS4xeA==',NULL),(7,'rO0ABXNyABFqYXZhLnV0aWwuSGFzaE1hcAUH2sHDFmDRAwACRgAKbG9hZEZhY3RvckkACXRocmVzaG9sZHhwP0AAAAAAAAx3CAAAABAAAAABdAANYmF0Y2gudmVyc2lvbnQABTUuMS4xeA==',NULL),(8,'rO0ABXNyABFqYXZhLnV0aWwuSGFzaE1hcAUH2sHDFmDRAwACRgAKbG9hZEZhY3RvckkACXRocmVzaG9sZHhwP0AAAAAAAAx3CAAAABAAAAABdAANYmF0Y2gudmVyc2lvbnQABTUuMS4xeA==',NULL),(9,'rO0ABXNyABFqYXZhLnV0aWwuSGFzaE1hcAUH2sHDFmDRAwACRgAKbG9hZEZhY3RvckkACXRocmVzaG9sZHhwP0AAAAAAAAx3CAAAABAAAAABdAANYmF0Y2gudmVyc2lvbnQABTUuMS4xeA==',NULL),(10,'rO0ABXNyABFqYXZhLnV0aWwuSGFzaE1hcAUH2sHDFmDRAwACRgAKbG9hZEZhY3RvckkACXRocmVzaG9sZHhwP0AAAAAAAAx3CAAAABAAAAABdAANYmF0Y2gudmVyc2lvbnQABTUuMS4xeA==',NULL),(11,'rO0ABXNyABFqYXZhLnV0aWwuSGFzaE1hcAUH2sHDFmDRAwACRgAKbG9hZEZhY3RvckkACXRocmVzaG9sZHhwP0AAAAAAAAx3CAAAABAAAAABdAANYmF0Y2gudmVyc2lvbnQABTUuMS4xeA==',NULL),(12,'rO0ABXNyABFqYXZhLnV0aWwuSGFzaE1hcAUH2sHDFmDRAwACRgAKbG9hZEZhY3RvckkACXRocmVzaG9sZHhwP0AAAAAAAAx3CAAAABAAAAABdAANYmF0Y2gudmVyc2lvbnQABTUuMS4xeA==',NULL),(13,'rO0ABXNyABFqYXZhLnV0aWwuSGFzaE1hcAUH2sHDFmDRAwACRgAKbG9hZEZhY3RvckkACXRocmVzaG9sZHhwP0AAAAAAAAx3CAAAABAAAAABdAANYmF0Y2gudmVyc2lvbnQABTUuMS4xeA==',NULL),(14,'rO0ABXNyABFqYXZhLnV0aWwuSGFzaE1hcAUH2sHDFmDRAwACRgAKbG9hZEZhY3RvckkACXRocmVzaG9sZHhwP0AAAAAAAAx3CAAAABAAAAABdAANYmF0Y2gudmVyc2lvbnQABTUuMS4xeA==',NULL),(15,'rO0ABXNyABFqYXZhLnV0aWwuSGFzaE1hcAUH2sHDFmDRAwACRgAKbG9hZEZhY3RvckkACXRocmVzaG9sZHhwP0AAAAAAAAx3CAAAABAAAAABdAANYmF0Y2gudmVyc2lvbnQABTUuMS4xeA==',NULL),(16,'rO0ABXNyABFqYXZhLnV0aWwuSGFzaE1hcAUH2sHDFmDRAwACRgAKbG9hZEZhY3RvckkACXRocmVzaG9sZHhwP0AAAAAAAAx3CAAAABAAAAABdAANYmF0Y2gudmVyc2lvbnQABTUuMS4xeA==',NULL),(17,'rO0ABXNyABFqYXZhLnV0aWwuSGFzaE1hcAUH2sHDFmDRAwACRgAKbG9hZEZhY3RvckkACXRocmVzaG9sZHhwP0AAAAAAAAx3CAAAABAAAAABdAANYmF0Y2gudmVyc2lvbnQABTUuMS4xeA==',NULL),(18,'rO0ABXNyABFqYXZhLnV0aWwuSGFzaE1hcAUH2sHDFmDRAwACRgAKbG9hZEZhY3RvckkACXRocmVzaG9sZHhwP0AAAAAAAAx3CAAAABAAAAABdAANYmF0Y2gudmVyc2lvbnQABTUuMS4xeA==',NULL),(19,'rO0ABXNyABFqYXZhLnV0aWwuSGFzaE1hcAUH2sHDFmDRAwACRgAKbG9hZEZhY3RvckkACXRocmVzaG9sZHhwP0AAAAAAAAx3CAAAABAAAAABdAANYmF0Y2gudmVyc2lvbnQABTUuMS4xeA==',NULL),(20,'rO0ABXNyABFqYXZhLnV0aWwuSGFzaE1hcAUH2sHDFmDRAwACRgAKbG9hZEZhY3RvckkACXRocmVzaG9sZHhwP0AAAAAAAAx3CAAAABAAAAABdAANYmF0Y2gudmVyc2lvbnQABTUuMS4xeA==',NULL),(21,'rO0ABXNyABFqYXZhLnV0aWwuSGFzaE1hcAUH2sHDFmDRAwACRgAKbG9hZEZhY3RvckkACXRocmVzaG9sZHhwP0AAAAAAAAx3CAAAABAAAAABdAANYmF0Y2gudmVyc2lvbnQABTUuMS4xeA==',NULL),(22,'rO0ABXNyABFqYXZhLnV0aWwuSGFzaE1hcAUH2sHDFmDRAwACRgAKbG9hZEZhY3RvckkACXRocmVzaG9sZHhwP0AAAAAAAAx3CAAAABAAAAABdAANYmF0Y2gudmVyc2lvbnQABTUuMS4xeA==',NULL),(23,'rO0ABXNyABFqYXZhLnV0aWwuSGFzaE1hcAUH2sHDFmDRAwACRgAKbG9hZEZhY3RvckkACXRocmVzaG9sZHhwP0AAAAAAAAx3CAAAABAAAAABdAANYmF0Y2gudmVyc2lvbnQABTUuMS4xeA==',NULL),(24,'rO0ABXNyABFqYXZhLnV0aWwuSGFzaE1hcAUH2sHDFmDRAwACRgAKbG9hZEZhY3RvckkACXRocmVzaG9sZHhwP0AAAAAAAAx3CAAAABAAAAABdAANYmF0Y2gudmVyc2lvbnQABTUuMS4xeA==',NULL),(25,'rO0ABXNyABFqYXZhLnV0aWwuSGFzaE1hcAUH2sHDFmDRAwACRgAKbG9hZEZhY3RvckkACXRocmVzaG9sZHhwP0AAAAAAAAx3CAAAABAAAAABdAANYmF0Y2gudmVyc2lvbnQABTUuMS4xeA==',NULL),(26,'rO0ABXNyABFqYXZhLnV0aWwuSGFzaE1hcAUH2sHDFmDRAwACRgAKbG9hZEZhY3RvckkACXRocmVzaG9sZHhwP0AAAAAAAAx3CAAAABAAAAABdAANYmF0Y2gudmVyc2lvbnQABTUuMS4xeA==',NULL),(27,'rO0ABXNyABFqYXZhLnV0aWwuSGFzaE1hcAUH2sHDFmDRAwACRgAKbG9hZEZhY3RvckkACXRocmVzaG9sZHhwP0AAAAAAAAx3CAAAABAAAAABdAANYmF0Y2gudmVyc2lvbnQABTUuMS4xeA==',NULL),(28,'rO0ABXNyABFqYXZhLnV0aWwuSGFzaE1hcAUH2sHDFmDRAwACRgAKbG9hZEZhY3RvckkACXRocmVzaG9sZHhwP0AAAAAAAAx3CAAAABAAAAABdAANYmF0Y2gudmVyc2lvbnQABTUuMS4xeA==',NULL),(29,'rO0ABXNyABFqYXZhLnV0aWwuSGFzaE1hcAUH2sHDFmDRAwACRgAKbG9hZEZhY3RvckkACXRocmVzaG9sZHhwP0AAAAAAAAx3CAAAABAAAAABdAANYmF0Y2gudmVyc2lvbnQABTUuMS4xeA==',NULL),(30,'rO0ABXNyABFqYXZhLnV0aWwuSGFzaE1hcAUH2sHDFmDRAwACRgAKbG9hZEZhY3RvckkACXRocmVzaG9sZHhwP0AAAAAAAAx3CAAAABAAAAABdAANYmF0Y2gudmVyc2lvbnQABTUuMS4xeA==',NULL),(31,'rO0ABXNyABFqYXZhLnV0aWwuSGFzaE1hcAUH2sHDFmDRAwACRgAKbG9hZEZhY3RvckkACXRocmVzaG9sZHhwP0AAAAAAAAx3CAAAABAAAAABdAANYmF0Y2gudmVyc2lvbnQABTUuMS4xeA==',NULL),(32,'rO0ABXNyABFqYXZhLnV0aWwuSGFzaE1hcAUH2sHDFmDRAwACRgAKbG9hZEZhY3RvckkACXRocmVzaG9sZHhwP0AAAAAAAAx3CAAAABAAAAABdAANYmF0Y2gudmVyc2lvbnQABTUuMS4xeA==',NULL),(33,'rO0ABXNyABFqYXZhLnV0aWwuSGFzaE1hcAUH2sHDFmDRAwACRgAKbG9hZEZhY3RvckkACXRocmVzaG9sZHhwP0AAAAAAAAx3CAAAABAAAAABdAANYmF0Y2gudmVyc2lvbnQABTUuMS4xeA==',NULL),(34,'rO0ABXNyABFqYXZhLnV0aWwuSGFzaE1hcAUH2sHDFmDRAwACRgAKbG9hZEZhY3RvckkACXRocmVzaG9sZHhwP0AAAAAAAAx3CAAAABAAAAABdAANYmF0Y2gudmVyc2lvbnQABTUuMS4xeA==',NULL),(35,'rO0ABXNyABFqYXZhLnV0aWwuSGFzaE1hcAUH2sHDFmDRAwACRgAKbG9hZEZhY3RvckkACXRocmVzaG9sZHhwP0AAAAAAAAx3CAAAABAAAAABdAANYmF0Y2gudmVyc2lvbnQABTUuMS4xeA==',NULL),(36,'rO0ABXNyABFqYXZhLnV0aWwuSGFzaE1hcAUH2sHDFmDRAwACRgAKbG9hZEZhY3RvckkACXRocmVzaG9sZHhwP0AAAAAAAAx3CAAAABAAAAABdAANYmF0Y2gudmVyc2lvbnQABTUuMS4xeA==',NULL),(37,'rO0ABXNyABFqYXZhLnV0aWwuSGFzaE1hcAUH2sHDFmDRAwACRgAKbG9hZEZhY3RvckkACXRocmVzaG9sZHhwP0AAAAAAAAx3CAAAABAAAAABdAANYmF0Y2gudmVyc2lvbnQABTUuMS4xeA==',NULL),(38,'rO0ABXNyABFqYXZhLnV0aWwuSGFzaE1hcAUH2sHDFmDRAwACRgAKbG9hZEZhY3RvckkACXRocmVzaG9sZHhwP0AAAAAAAAx3CAAAABAAAAABdAANYmF0Y2gudmVyc2lvbnQABTUuMS4xeA==',NULL),(39,'rO0ABXNyABFqYXZhLnV0aWwuSGFzaE1hcAUH2sHDFmDRAwACRgAKbG9hZEZhY3RvckkACXRocmVzaG9sZHhwP0AAAAAAAAx3CAAAABAAAAABdAANYmF0Y2gudmVyc2lvbnQABTUuMS4xeA==',NULL),(40,'rO0ABXNyABFqYXZhLnV0aWwuSGFzaE1hcAUH2sHDFmDRAwACRgAKbG9hZEZhY3RvckkACXRocmVzaG9sZHhwP0AAAAAAAAx3CAAAABAAAAABdAANYmF0Y2gudmVyc2lvbnQABTUuMS4xeA==',NULL),(41,'rO0ABXNyABFqYXZhLnV0aWwuSGFzaE1hcAUH2sHDFmDRAwACRgAKbG9hZEZhY3RvckkACXRocmVzaG9sZHhwP0AAAAAAAAx3CAAAABAAAAABdAANYmF0Y2gudmVyc2lvbnQABTUuMS4xeA==',NULL),(42,'rO0ABXNyABFqYXZhLnV0aWwuSGFzaE1hcAUH2sHDFmDRAwACRgAKbG9hZEZhY3RvckkACXRocmVzaG9sZHhwP0AAAAAAAAx3CAAAABAAAAABdAANYmF0Y2gudmVyc2lvbnQABTUuMS4xeA==',NULL),(43,'rO0ABXNyABFqYXZhLnV0aWwuSGFzaE1hcAUH2sHDFmDRAwACRgAKbG9hZEZhY3RvckkACXRocmVzaG9sZHhwP0AAAAAAAAx3CAAAABAAAAABdAANYmF0Y2gudmVyc2lvbnQABTUuMS4xeA==',NULL),(44,'rO0ABXNyABFqYXZhLnV0aWwuSGFzaE1hcAUH2sHDFmDRAwACRgAKbG9hZEZhY3RvckkACXRocmVzaG9sZHhwP0AAAAAAAAx3CAAAABAAAAABdAANYmF0Y2gudmVyc2lvbnQABTUuMS4xeA==',NULL),(45,'rO0ABXNyABFqYXZhLnV0aWwuSGFzaE1hcAUH2sHDFmDRAwACRgAKbG9hZEZhY3RvckkACXRocmVzaG9sZHhwP0AAAAAAAAx3CAAAABAAAAABdAANYmF0Y2gudmVyc2lvbnQABTUuMS4xeA==',NULL),(46,'rO0ABXNyABFqYXZhLnV0aWwuSGFzaE1hcAUH2sHDFmDRAwACRgAKbG9hZEZhY3RvckkACXRocmVzaG9sZHhwP0AAAAAAAAx3CAAAABAAAAABdAANYmF0Y2gudmVyc2lvbnQABTUuMS4xeA==',NULL),(47,'rO0ABXNyABFqYXZhLnV0aWwuSGFzaE1hcAUH2sHDFmDRAwACRgAKbG9hZEZhY3RvckkACXRocmVzaG9sZHhwP0AAAAAAAAx3CAAAABAAAAABdAANYmF0Y2gudmVyc2lvbnQABTUuMS4xeA==',NULL),(48,'rO0ABXNyABFqYXZhLnV0aWwuSGFzaE1hcAUH2sHDFmDRAwACRgAKbG9hZEZhY3RvckkACXRocmVzaG9sZHhwP0AAAAAAAAx3CAAAABAAAAABdAANYmF0Y2gudmVyc2lvbnQABTUuMS4xeA==',NULL),(49,'rO0ABXNyABFqYXZhLnV0aWwuSGFzaE1hcAUH2sHDFmDRAwACRgAKbG9hZEZhY3RvckkACXRocmVzaG9sZHhwP0AAAAAAAAx3CAAAABAAAAABdAANYmF0Y2gudmVyc2lvbnQABTUuMS4xeA==',NULL),(50,'rO0ABXNyABFqYXZhLnV0aWwuSGFzaE1hcAUH2sHDFmDRAwACRgAKbG9hZEZhY3RvckkACXRocmVzaG9sZHhwP0AAAAAAAAx3CAAAABAAAAABdAANYmF0Y2gudmVyc2lvbnQABTUuMS4xeA==',NULL),(51,'rO0ABXNyABFqYXZhLnV0aWwuSGFzaE1hcAUH2sHDFmDRAwACRgAKbG9hZEZhY3RvckkACXRocmVzaG9sZHhwP0AAAAAAAAx3CAAAABAAAAABdAANYmF0Y2gudmVyc2lvbnQABTUuMS4xeA==',NULL),(52,'rO0ABXNyABFqYXZhLnV0aWwuSGFzaE1hcAUH2sHDFmDRAwACRgAKbG9hZEZhY3RvckkACXRocmVzaG9sZHhwP0AAAAAAAAx3CAAAABAAAAABdAANYmF0Y2gudmVyc2lvbnQABTUuMS4xeA==',NULL),(53,'rO0ABXNyABFqYXZhLnV0aWwuSGFzaE1hcAUH2sHDFmDRAwACRgAKbG9hZEZhY3RvckkACXRocmVzaG9sZHhwP0AAAAAAAAx3CAAAABAAAAABdAANYmF0Y2gudmVyc2lvbnQABTUuMS4xeA==',NULL),(54,'rO0ABXNyABFqYXZhLnV0aWwuSGFzaE1hcAUH2sHDFmDRAwACRgAKbG9hZEZhY3RvckkACXRocmVzaG9sZHhwP0AAAAAAAAx3CAAAABAAAAABdAANYmF0Y2gudmVyc2lvbnQABTUuMS4xeA==',NULL),(55,'rO0ABXNyABFqYXZhLnV0aWwuSGFzaE1hcAUH2sHDFmDRAwACRgAKbG9hZEZhY3RvckkACXRocmVzaG9sZHhwP0AAAAAAAAx3CAAAABAAAAABdAANYmF0Y2gudmVyc2lvbnQABTUuMS4xeA==',NULL),(56,'rO0ABXNyABFqYXZhLnV0aWwuSGFzaE1hcAUH2sHDFmDRAwACRgAKbG9hZEZhY3RvckkACXRocmVzaG9sZHhwP0AAAAAAAAx3CAAAABAAAAABdAANYmF0Y2gudmVyc2lvbnQABTUuMS4xeA==',NULL),(57,'rO0ABXNyABFqYXZhLnV0aWwuSGFzaE1hcAUH2sHDFmDRAwACRgAKbG9hZEZhY3RvckkACXRocmVzaG9sZHhwP0AAAAAAAAx3CAAAABAAAAABdAANYmF0Y2gudmVyc2lvbnQABTUuMS4xeA==',NULL);
/*!40000 ALTER TABLE `batch_job_execution_context` ENABLE KEYS */;
UNLOCK TABLES;

--
-- Table structure for table `batch_job_execution_params`
--

DROP TABLE IF EXISTS `batch_job_execution_params`;
/*!40101 SET @saved_cs_client     = @@character_set_client */;
/*!50503 SET character_set_client = utf8mb4 */;
CREATE TABLE `batch_job_execution_params` (
  `JOB_EXECUTION_ID` bigint NOT NULL,
  `PARAMETER_NAME` varchar(100) NOT NULL,
  `PARAMETER_TYPE` varchar(100) NOT NULL,
  `PARAMETER_VALUE` varchar(2500) DEFAULT NULL,
  `IDENTIFYING` char(1) NOT NULL,
  KEY `JOB_EXEC_PARAMS_FK` (`JOB_EXECUTION_ID`),
  CONSTRAINT `JOB_EXEC_PARAMS_FK` FOREIGN KEY (`JOB_EXECUTION_ID`) REFERENCES `batch_job_execution` (`JOB_EXECUTION_ID`)
) ENGINE=InnoDB DEFAULT CHARSET=utf8mb4 COLLATE=utf8mb4_0900_ai_ci;
/*!40101 SET character_set_client = @saved_cs_client */;

--
-- Dumping data for table `batch_job_execution_params`
--

LOCK TABLES `batch_job_execution_params` WRITE;
/*!40000 ALTER TABLE `batch_job_execution_params` DISABLE KEYS */;
INSERT INTO `batch_job_execution_params` VALUES (1,'run.id','java.lang.Long','1','Y'),(2,'JobID','java.lang.String','1711874760004','Y'),(3,'JobID','java.lang.String','1711874760004','Y'),(4,'run.id','java.lang.Long','2','Y'),(5,'run.id','java.lang.Long','3','Y'),(6,'JobID','java.lang.String','1711874880003','Y'),(7,'JobID','java.lang.String','1711874880003','Y'),(8,'run.id','java.lang.Long','4','Y'),(9,'run.id','java.lang.Long','5','Y'),(10,'run.id','java.lang.Long','6','Y'),(11,'run.id','java.lang.Long','7','Y'),(12,'run.id','java.lang.Long','8','Y'),(13,'run.id','java.lang.Long','9','Y'),(14,'run.id','java.lang.Long','10','Y'),(15,'run.id','java.lang.Long','11','Y'),(16,'run.id','java.lang.Long','12','Y'),(17,'run.id','java.lang.Long','13','Y'),(18,'JobID','java.lang.String','1711960560014','Y'),(19,'JobID','java.lang.String','1711960560014','Y'),(20,'JobID','java.lang.String','1711960680011','Y'),(21,'JobID','java.lang.String','1711960680011','Y'),(22,'JobID','java.lang.String','1711960800011','Y'),(23,'JobID','java.lang.String','1711960800011','Y'),(24,'JobID','java.lang.String','1711960920008','Y'),(25,'JobID','java.lang.String','1711960920008','Y'),(26,'JobID','java.lang.String','1711961040006','Y'),(27,'JobID','java.lang.String','1711961040006','Y'),(28,'JobID','java.lang.String','1711961160007','Y'),(29,'JobID','java.lang.String','1711961160007','Y'),(30,'JobID','java.lang.String','1711961280011','Y'),(31,'JobID','java.lang.String','1711961280011','Y'),(32,'JobID','java.lang.String','1711961400017','Y'),(33,'JobID','java.lang.String','1711961400017','Y'),(34,'JobID','java.lang.String','1711961520014','Y'),(35,'JobID','java.lang.String','1711961520014','Y'),(36,'run.id','java.lang.Long','14','Y'),(37,'JobID','java.lang.String','1711961760015','Y'),(38,'JobID','java.lang.String','1711961760015','Y'),(39,'JobID','java.lang.String','1711961880013','Y'),(40,'JobID','java.lang.String','1711961880013','Y'),(41,'run.id','java.lang.Long','15','Y'),(42,'JobID','java.lang.String','1711962000016','Y'),(43,'JobID','java.lang.String','1711962000016','Y'),(44,'JobID','java.lang.String','1712014038155','Y'),(45,'JobID','java.lang.String','1712014038155','Y'),(46,'JobID','java.lang.String','1712014080008','Y'),(47,'JobID','java.lang.String','1712014080008','Y'),(48,'JobID','java.lang.String','1712014200008','Y'),(49,'JobID','java.lang.String','1712014200008','Y'),(50,'run.id','java.lang.Long','16','Y'),(51,'JobID','java.lang.String','1712017440003','Y'),(52,'JobID','java.lang.String','1712017440003','Y'),(53,'run.id','java.lang.Long','17','Y'),(54,'JobID','java.lang.String','1712021640012','Y'),(55,'JobID','java.lang.String','1712021640012','Y'),(56,'JobID','java.lang.String','1712021760002','Y'),(57,'JobID','java.lang.String','1712021760002','Y');
/*!40000 ALTER TABLE `batch_job_execution_params` ENABLE KEYS */;
UNLOCK TABLES;

--
-- Table structure for table `batch_job_execution_seq`
--

DROP TABLE IF EXISTS `batch_job_execution_seq`;
/*!40101 SET @saved_cs_client     = @@character_set_client */;
/*!50503 SET character_set_client = utf8mb4 */;
CREATE TABLE `batch_job_execution_seq` (
  `ID` bigint NOT NULL,
  `UNIQUE_KEY` char(1) NOT NULL,
  UNIQUE KEY `UNIQUE_KEY_UN` (`UNIQUE_KEY`)
) ENGINE=InnoDB DEFAULT CHARSET=utf8mb4 COLLATE=utf8mb4_0900_ai_ci;
/*!40101 SET character_set_client = @saved_cs_client */;

--
-- Dumping data for table `batch_job_execution_seq`
--

LOCK TABLES `batch_job_execution_seq` WRITE;
/*!40000 ALTER TABLE `batch_job_execution_seq` DISABLE KEYS */;
INSERT INTO `batch_job_execution_seq` VALUES (57,'0');
/*!40000 ALTER TABLE `batch_job_execution_seq` ENABLE KEYS */;
UNLOCK TABLES;

--
-- Table structure for table `batch_job_instance`
--

DROP TABLE IF EXISTS `batch_job_instance`;
/*!40101 SET @saved_cs_client     = @@character_set_client */;
/*!50503 SET character_set_client = utf8mb4 */;
CREATE TABLE `batch_job_instance` (
  `JOB_INSTANCE_ID` bigint NOT NULL,
  `VERSION` bigint DEFAULT NULL,
  `JOB_NAME` varchar(100) NOT NULL,
  `JOB_KEY` varchar(32) NOT NULL,
  PRIMARY KEY (`JOB_INSTANCE_ID`),
  UNIQUE KEY `JOB_INST_UN` (`JOB_NAME`,`JOB_KEY`)
) ENGINE=InnoDB DEFAULT CHARSET=utf8mb4 COLLATE=utf8mb4_0900_ai_ci;
/*!40101 SET character_set_client = @saved_cs_client */;

--
-- Dumping data for table `batch_job_instance`
--

LOCK TABLES `batch_job_instance` WRITE;
/*!40000 ALTER TABLE `batch_job_instance` DISABLE KEYS */;
INSERT INTO `batch_job_instance` VALUES (1,0,'dataShareBeanJob','947cce338b790a4bb6cf8425e98bcf94'),(2,0,'createHealth','949bdfe4fbc6b4b085fd2b34910c03d3'),(3,0,'createVaccine','949bdfe4fbc6b4b085fd2b34910c03d3'),(4,0,'dataShareBeanJob','873184ac21ff8558bbd5b28473daefc6'),(5,0,'dataShareBeanJob','effe242e395340f2e57819baa23a9d15'),(6,0,'createHealth','ecc3c3e4babd10642372a643eabeaeba'),(7,0,'createVaccine','ecc3c3e4babd10642372a643eabeaeba'),(8,0,'dataShareBeanJob','5477f63cea9fea164bc95c20c7e13973'),(9,0,'dataShareBeanJob','8861b2531b2254c9c8ff617d695b6f5e'),(10,0,'dataShareBeanJob','b9fc39c8b96323ee0a40cff8aa90ab12'),(11,0,'dataShareBeanJob','b3a17a269e3896a20099576821120151'),(12,0,'dataShareBeanJob','d6321fea5d91729f784f2267690480d8'),(13,0,'dataShareBeanJob','29a856a5acdba91e1e3d0b5e11794b12'),(14,0,'dataShareBeanJob','3c08ce1fdc6dd592f1b6670eec44269f'),(15,0,'dataShareBeanJob','ae2f85e585cb33415849906ce3c09001'),(16,0,'dataShareBeanJob','52ade253569e8abd58c848d1e5a38275'),(17,0,'dataShareBeanJob','e79d730c06d7430dc2ff6d2815718cdb'),(18,0,'createHealth','ebf8eadd3cf050e918b99ed736993dd6'),(19,0,'createVaccine','ebf8eadd3cf050e918b99ed736993dd6'),(20,0,'createHealth','0ee0ae7908c8e7a929e9d9daaa5bb8ef'),(21,0,'createVaccine','0ee0ae7908c8e7a929e9d9daaa5bb8ef'),(22,0,'createHealth','e399fd06aefc9b2407222c909bc3b739'),(23,0,'createVaccine','e399fd06aefc9b2407222c909bc3b739'),(24,0,'createHealth','254cfda3da6ff767e500a4980f140b85'),(25,0,'createVaccine','254cfda3da6ff767e500a4980f140b85'),(26,0,'createHealth','eb5d82d0c502d169d36301f4be6e2e15'),(27,0,'createVaccine','eb5d82d0c502d169d36301f4be6e2e15'),(28,0,'createHealth','2945fe207036d839c10adb508b422fad'),(29,0,'createVaccine','2945fe207036d839c10adb508b422fad'),(30,0,'createHealth','ab31645a3e2a8f8ea3057da799a378fa'),(31,0,'createVaccine','ab31645a3e2a8f8ea3057da799a378fa'),(32,0,'createHealth','a6e6cb92ed17730003a60279b6ac456a'),(33,0,'createVaccine','a6e6cb92ed17730003a60279b6ac456a'),(34,0,'createHealth','8b3b0270d46b6b15de50e61b3d60d213'),(35,0,'createVaccine','8b3b0270d46b6b15de50e61b3d60d213'),(36,0,'dataShareBeanJob','be853a8cf06509b73ea5071fd453b0c0'),(37,0,'createHealth','9707d3765d97fb2568447aaed0299c56'),(38,0,'createVaccine','9707d3765d97fb2568447aaed0299c56'),(39,0,'createHealth','cf77f4a8a3d3a2f94426e12fc143c225'),(40,0,'createVaccine','cf77f4a8a3d3a2f94426e12fc143c225'),(41,0,'dataShareBeanJob','9e1f5a1517f4bb9a26c0bf6c45eae6d0'),(42,0,'createHealth','d1193e47aaa0d09576172423b97d18e9'),(43,0,'createVaccine','d1193e47aaa0d09576172423b97d18e9'),(44,0,'createHealth','eb79db0300fcb158ef0180cf2990c2a9'),(45,0,'createVaccine','eb79db0300fcb158ef0180cf2990c2a9'),(46,0,'createHealth','bbd001dd3163bfcce28e41b2fa6687d4'),(47,0,'createVaccine','bbd001dd3163bfcce28e41b2fa6687d4'),(48,0,'createHealth','87ea63bbeaa1644b34a5898c54d80ad5'),(49,0,'createVaccine','87ea63bbeaa1644b34a5898c54d80ad5'),(50,0,'dataShareBeanJob','ebbe5d3e2e377c519954afc48abcda6d'),(51,0,'createHealth','790fc6ec74e4daec39fc5b9759868f61'),(52,0,'createVaccine','790fc6ec74e4daec39fc5b9759868f61'),(53,0,'dataShareBeanJob','0a7ca319b518b85ce0e62b30be80bc52'),(54,0,'createHealth','80796e50ed2947a0e0630a71ae328cd4'),(55,0,'createVaccine','80796e50ed2947a0e0630a71ae328cd4'),(56,0,'createHealth','6366fa8b41132666ee4d26d23ea8bc31'),(57,0,'createVaccine','6366fa8b41132666ee4d26d23ea8bc31');
/*!40000 ALTER TABLE `batch_job_instance` ENABLE KEYS */;
UNLOCK TABLES;

--
-- Table structure for table `batch_job_seq`
--

DROP TABLE IF EXISTS `batch_job_seq`;
/*!40101 SET @saved_cs_client     = @@character_set_client */;
/*!50503 SET character_set_client = utf8mb4 */;
CREATE TABLE `batch_job_seq` (
  `ID` bigint NOT NULL,
  `UNIQUE_KEY` char(1) NOT NULL,
  UNIQUE KEY `UNIQUE_KEY_UN` (`UNIQUE_KEY`)
) ENGINE=InnoDB DEFAULT CHARSET=utf8mb4 COLLATE=utf8mb4_0900_ai_ci;
/*!40101 SET character_set_client = @saved_cs_client */;

--
-- Dumping data for table `batch_job_seq`
--

LOCK TABLES `batch_job_seq` WRITE;
/*!40000 ALTER TABLE `batch_job_seq` DISABLE KEYS */;
INSERT INTO `batch_job_seq` VALUES (57,'0');
/*!40000 ALTER TABLE `batch_job_seq` ENABLE KEYS */;
UNLOCK TABLES;

--
-- Table structure for table `batch_step_execution`
--

DROP TABLE IF EXISTS `batch_step_execution`;
/*!40101 SET @saved_cs_client     = @@character_set_client */;
/*!50503 SET character_set_client = utf8mb4 */;
CREATE TABLE `batch_step_execution` (
  `STEP_EXECUTION_ID` bigint NOT NULL,
  `VERSION` bigint NOT NULL,
  `STEP_NAME` varchar(100) NOT NULL,
  `JOB_EXECUTION_ID` bigint NOT NULL,
  `CREATE_TIME` datetime(6) NOT NULL,
  `START_TIME` datetime(6) DEFAULT NULL,
  `END_TIME` datetime(6) DEFAULT NULL,
  `STATUS` varchar(10) DEFAULT NULL,
  `COMMIT_COUNT` bigint DEFAULT NULL,
  `READ_COUNT` bigint DEFAULT NULL,
  `FILTER_COUNT` bigint DEFAULT NULL,
  `WRITE_COUNT` bigint DEFAULT NULL,
  `READ_SKIP_COUNT` bigint DEFAULT NULL,
  `WRITE_SKIP_COUNT` bigint DEFAULT NULL,
  `PROCESS_SKIP_COUNT` bigint DEFAULT NULL,
  `ROLLBACK_COUNT` bigint DEFAULT NULL,
  `EXIT_CODE` varchar(2500) DEFAULT NULL,
  `EXIT_MESSAGE` varchar(2500) DEFAULT NULL,
  `LAST_UPDATED` datetime(6) DEFAULT NULL,
  PRIMARY KEY (`STEP_EXECUTION_ID`),
  KEY `JOB_EXEC_STEP_FK` (`JOB_EXECUTION_ID`),
  CONSTRAINT `JOB_EXEC_STEP_FK` FOREIGN KEY (`JOB_EXECUTION_ID`) REFERENCES `batch_job_execution` (`JOB_EXECUTION_ID`)
) ENGINE=InnoDB DEFAULT CHARSET=utf8mb4 COLLATE=utf8mb4_0900_ai_ci;
/*!40101 SET character_set_client = @saved_cs_client */;

--
-- Dumping data for table `batch_step_execution`
--

LOCK TABLES `batch_step_execution` WRITE;
/*!40000 ALTER TABLE `batch_step_execution` DISABLE KEYS */;
INSERT INTO `batch_step_execution` VALUES (1,3,'getFamily',1,'2024-03-31 08:45:50.361971','2024-03-31 08:45:50.371944','2024-03-31 08:45:50.474670','COMPLETED',1,0,0,0,0,0,0,0,'COMPLETED','','2024-03-31 08:45:50.475667'),(2,3,'getFamily',2,'2024-03-31 08:46:00.030225','2024-03-31 08:46:00.038209','2024-03-31 08:46:00.051170','COMPLETED',1,0,0,0,0,0,0,0,'COMPLETED','','2024-03-31 08:46:00.052166'),(3,3,'getHealth',2,'2024-03-31 08:46:00.062140','2024-03-31 08:46:00.068129','2024-03-31 08:46:00.101036','COMPLETED',1,1,0,1,0,0,0,0,'COMPLETED','','2024-03-31 08:46:00.101036'),(4,3,'getFamily',3,'2024-03-31 08:46:00.134055','2024-03-31 08:46:00.140049','2024-03-31 08:46:00.152011','COMPLETED',1,0,0,0,0,0,0,0,'COMPLETED','','2024-03-31 08:46:00.152011'),(5,3,'getVaccine',3,'2024-03-31 08:46:00.161986','2024-03-31 08:46:00.167970','2024-03-31 08:46:00.188913','COMPLETED',1,41,0,41,0,0,0,0,'COMPLETED','','2024-03-31 08:46:00.188913'),(6,3,'getFamily',4,'2024-03-31 08:46:53.812906','2024-03-31 08:46:53.818894','2024-03-31 08:46:53.833850','COMPLETED',1,0,0,0,0,0,0,0,'COMPLETED','','2024-03-31 08:46:53.833850'),(7,3,'getFamily',5,'2024-03-31 08:47:42.734788','2024-03-31 08:47:42.747755','2024-03-31 08:47:42.861448','COMPLETED',1,0,0,0,0,0,0,0,'COMPLETED','','2024-03-31 08:47:42.862447'),(8,3,'getFamily',6,'2024-03-31 08:48:00.036742','2024-03-31 08:48:00.042731','2024-03-31 08:48:00.054699','COMPLETED',1,0,0,0,0,0,0,0,'COMPLETED','','2024-03-31 08:48:00.055692'),(9,3,'getHealth',6,'2024-03-31 08:48:00.064668','2024-03-31 08:48:00.073648','2024-03-31 08:48:00.112539','COMPLETED',1,12,0,12,0,0,0,0,'COMPLETED','','2024-03-31 08:48:00.112539'),(10,3,'getFamily',7,'2024-03-31 08:48:00.139467','2024-03-31 08:48:00.145450','2024-03-31 08:48:00.156426','COMPLETED',1,0,0,0,0,0,0,0,'COMPLETED','','2024-03-31 08:48:00.157419'),(11,3,'getVaccine',7,'2024-03-31 08:48:00.165398','2024-03-31 08:48:00.171381','2024-03-31 08:48:00.191328','COMPLETED',1,41,0,41,0,0,0,0,'COMPLETED','','2024-03-31 08:48:00.191328'),(12,3,'getFamily',8,'2024-03-31 08:49:42.191468','2024-03-31 08:49:42.198449','2024-03-31 08:49:42.217398','COMPLETED',1,0,0,0,0,0,0,0,'COMPLETED','','2024-03-31 08:49:42.217398'),(13,3,'getFamily',9,'2024-03-31 08:49:44.984624','2024-03-31 08:49:44.994597','2024-03-31 08:49:45.022522','COMPLETED',1,0,0,0,0,0,0,0,'COMPLETED','','2024-03-31 08:49:45.022522'),(14,3,'getFamily',10,'2024-03-31 08:49:49.465601','2024-03-31 08:49:49.476567','2024-03-31 08:49:49.507476','COMPLETED',1,0,0,0,0,0,0,0,'COMPLETED','','2024-03-31 08:49:49.507476'),(15,3,'getFamily',11,'2024-03-31 08:49:52.378710','2024-03-31 08:49:52.392672','2024-03-31 08:49:52.413616','COMPLETED',1,0,0,0,0,0,0,0,'COMPLETED','','2024-03-31 08:49:52.414614'),(16,3,'getFamily',12,'2024-03-31 08:49:58.510487','2024-03-31 08:49:58.518445','2024-03-31 08:49:58.537394','COMPLETED',1,0,0,0,0,0,0,0,'COMPLETED','','2024-03-31 08:49:58.537394'),(17,3,'getFamily',13,'2024-03-31 08:50:01.124142','2024-03-31 08:50:01.129129','2024-03-31 08:50:01.145087','COMPLETED',1,0,0,0,0,0,0,0,'COMPLETED','','2024-03-31 08:50:01.145087'),(18,3,'getFamily',14,'2024-03-31 08:50:17.222027','2024-03-31 08:50:17.229007','2024-03-31 08:50:17.241973','COMPLETED',1,0,0,0,0,0,0,0,'COMPLETED','','2024-03-31 08:50:17.241973'),(19,3,'getFamily',15,'2024-03-31 08:50:19.740201','2024-03-31 08:50:19.747189','2024-03-31 08:50:19.763160','COMPLETED',1,0,0,0,0,0,0,0,'COMPLETED','','2024-03-31 08:50:19.763160'),(20,3,'getFamily',16,'2024-03-31 08:51:25.093534','2024-03-31 08:51:25.099518','2024-03-31 08:51:25.112481','COMPLETED',1,0,0,0,0,0,0,0,'COMPLETED','','2024-03-31 08:51:25.112481'),(21,3,'getFamily',17,'2024-04-01 08:35:11.980392','2024-04-01 08:35:11.987403','2024-04-01 08:35:12.069180','COMPLETED',1,0,0,0,0,0,0,0,'COMPLETED','','2024-04-01 08:35:12.070178'),(22,3,'getFamily',18,'2024-04-01 08:36:00.042647','2024-04-01 08:36:00.049629','2024-04-01 08:36:00.061597','COMPLETED',1,0,0,0,0,0,0,0,'COMPLETED','','2024-04-01 08:36:00.061597'),(23,3,'getHealth',18,'2024-04-01 08:36:00.071569','2024-04-01 08:36:00.078555','2024-04-01 08:36:00.115452','COMPLETED',1,12,0,12,0,0,0,0,'COMPLETED','','2024-04-01 08:36:00.116449'),(24,3,'getFamily',19,'2024-04-01 08:36:00.147367','2024-04-01 08:36:00.153355','2024-04-01 08:36:00.165320','COMPLETED',1,0,0,0,0,0,0,0,'COMPLETED','','2024-04-01 08:36:00.165320'),(25,3,'getVaccine',19,'2024-04-01 08:36:00.174295','2024-04-01 08:36:00.180279','2024-04-01 08:36:00.200226','COMPLETED',1,41,0,41,0,0,0,0,'COMPLETED','','2024-04-01 08:36:00.200226'),(26,3,'getFamily',20,'2024-04-01 08:38:00.040323','2024-04-01 08:38:00.047308','2024-04-01 08:38:00.059271','COMPLETED',1,0,0,0,0,0,0,0,'COMPLETED','','2024-04-01 08:38:00.059271'),(27,3,'getHealth',20,'2024-04-01 08:38:00.067249','2024-04-01 08:38:00.074230','2024-04-01 08:38:00.089191','COMPLETED',1,12,0,12,0,0,0,0,'COMPLETED','','2024-04-01 08:38:00.090189'),(28,3,'getFamily',21,'2024-04-01 08:38:00.119112','2024-04-01 08:38:00.126097','2024-04-01 08:38:00.137068','COMPLETED',1,0,0,0,0,0,0,0,'COMPLETED','','2024-04-01 08:38:00.138061'),(29,3,'getVaccine',21,'2024-04-01 08:38:00.146040','2024-04-01 08:38:00.152029','2024-04-01 08:38:00.169975','COMPLETED',1,41,0,41,0,0,0,0,'COMPLETED','','2024-04-01 08:38:00.169975'),(30,3,'getFamily',22,'2024-04-01 08:40:00.034142','2024-04-01 08:40:00.045115','2024-04-01 08:40:00.058078','COMPLETED',1,0,0,0,0,0,0,0,'COMPLETED','','2024-04-01 08:40:00.058078'),(31,3,'getHealth',22,'2024-04-01 08:40:00.067053','2024-04-01 08:40:00.074036','2024-04-01 08:40:00.088995','COMPLETED',1,12,0,12,0,0,0,0,'COMPLETED','','2024-04-01 08:40:00.088995'),(32,3,'getFamily',23,'2024-04-01 08:40:00.118915','2024-04-01 08:40:00.126893','2024-04-01 08:40:00.140857','COMPLETED',1,0,0,0,0,0,0,0,'COMPLETED','','2024-04-01 08:40:00.140857'),(33,3,'getVaccine',23,'2024-04-01 08:40:00.150830','2024-04-01 08:40:00.156813','2024-04-01 08:40:00.171774','COMPLETED',1,41,0,41,0,0,0,0,'COMPLETED','','2024-04-01 08:40:00.171774'),(34,3,'getFamily',24,'2024-04-01 08:42:00.034607','2024-04-01 08:42:00.041587','2024-04-01 08:42:00.052558','COMPLETED',1,0,0,0,0,0,0,0,'COMPLETED','','2024-04-01 08:42:00.053556'),(35,3,'getHealth',24,'2024-04-01 08:42:00.061534','2024-04-01 08:42:00.067518','2024-04-01 08:42:00.079486','COMPLETED',1,12,0,12,0,0,0,0,'COMPLETED','','2024-04-01 08:42:00.079486'),(36,3,'getFamily',25,'2024-04-01 08:42:00.104420','2024-04-01 08:42:00.116392','2024-04-01 08:42:00.135338','COMPLETED',1,0,0,0,0,0,0,0,'COMPLETED','','2024-04-01 08:42:00.135338'),(37,3,'getVaccine',25,'2024-04-01 08:42:00.144313','2024-04-01 08:42:00.150302','2024-04-01 08:42:00.164264','COMPLETED',1,41,0,41,0,0,0,0,'COMPLETED','','2024-04-01 08:42:00.165256'),(38,3,'getFamily',26,'2024-04-01 08:44:00.035176','2024-04-01 08:44:00.046149','2024-04-01 08:44:00.056123','COMPLETED',1,0,0,0,0,0,0,0,'COMPLETED','','2024-04-01 08:44:00.057116'),(39,3,'getHealth',26,'2024-04-01 08:44:00.064097','2024-04-01 08:44:00.070085','2024-04-01 08:44:00.082049','COMPLETED',1,12,0,12,0,0,0,0,'COMPLETED','','2024-04-01 08:44:00.082049'),(40,3,'getFamily',27,'2024-04-01 08:44:00.106982','2024-04-01 08:44:00.111968','2024-04-01 08:44:00.122940','COMPLETED',1,0,0,0,0,0,0,0,'COMPLETED','','2024-04-01 08:44:00.122940'),(41,3,'getVaccine',27,'2024-04-01 08:44:00.130917','2024-04-01 08:44:00.136906','2024-04-01 08:44:00.152859','COMPLETED',1,41,0,41,0,0,0,0,'COMPLETED','','2024-04-01 08:44:00.152859'),(42,3,'getFamily',28,'2024-04-01 08:46:00.033773','2024-04-01 08:46:00.039762','2024-04-01 08:46:00.050728','COMPLETED',1,0,0,0,0,0,0,0,'COMPLETED','','2024-04-01 08:46:00.050728'),(43,3,'getHealth',28,'2024-04-01 08:46:00.058706','2024-04-01 08:46:00.063697','2024-04-01 08:46:00.074668','COMPLETED',1,12,0,12,0,0,0,0,'COMPLETED','','2024-04-01 08:46:00.074668'),(44,3,'getFamily',29,'2024-04-01 08:46:00.119544','2024-04-01 08:46:00.129517','2024-04-01 08:46:00.139491','COMPLETED',1,0,0,0,0,0,0,0,'COMPLETED','','2024-04-01 08:46:00.139491'),(45,3,'getVaccine',29,'2024-04-01 08:46:00.147469','2024-04-01 08:46:00.155448','2024-04-01 08:46:00.167415','COMPLETED',1,41,0,41,0,0,0,0,'COMPLETED','','2024-04-01 08:46:00.167415'),(46,3,'getFamily',30,'2024-04-01 08:48:00.037578','2024-04-01 08:48:00.044567','2024-04-01 08:48:00.055553','COMPLETED',1,0,0,0,0,0,0,0,'COMPLETED','','2024-04-01 08:48:00.055553'),(47,3,'getHealth',30,'2024-04-01 08:48:00.063532','2024-04-01 08:48:00.069516','2024-04-01 08:48:00.079522','COMPLETED',1,12,0,12,0,0,0,0,'COMPLETED','','2024-04-01 08:48:00.080515'),(48,3,'getFamily',31,'2024-04-01 08:48:00.101460','2024-04-01 08:48:00.107449','2024-04-01 08:48:00.117430','COMPLETED',1,0,0,0,0,0,0,0,'COMPLETED','','2024-04-01 08:48:00.117430'),(49,3,'getVaccine',31,'2024-04-01 08:48:00.126395','2024-04-01 08:48:00.132379','2024-04-01 08:48:00.144347','COMPLETED',1,41,0,41,0,0,0,0,'COMPLETED','','2024-04-01 08:48:00.144347'),(50,3,'getFamily',32,'2024-04-01 08:50:00.039566','2024-04-01 08:50:00.044552','2024-04-01 08:50:00.055523','COMPLETED',1,0,0,0,0,0,0,0,'COMPLETED','','2024-04-01 08:50:00.055523'),(51,3,'getHealth',32,'2024-04-01 08:50:00.063501','2024-04-01 08:50:00.068489','2024-04-01 08:50:00.080457','COMPLETED',1,12,0,12,0,0,0,0,'COMPLETED','','2024-04-01 08:50:00.080457'),(52,3,'getFamily',33,'2024-04-01 08:50:00.100406','2024-04-01 08:50:00.107387','2024-04-01 08:50:00.120354','COMPLETED',1,0,0,0,0,0,0,0,'COMPLETED','','2024-04-01 08:50:00.120354'),(53,3,'getVaccine',33,'2024-04-01 08:50:00.128333','2024-04-01 08:50:00.133323','2024-04-01 08:50:00.147289','COMPLETED',1,41,0,41,0,0,0,0,'COMPLETED','','2024-04-01 08:50:00.147289'),(54,3,'getFamily',34,'2024-04-01 08:52:00.035001','2024-04-01 08:52:00.040975','2024-04-01 08:52:00.051946','COMPLETED',1,0,0,0,0,0,0,0,'COMPLETED','','2024-04-01 08:52:00.051946'),(55,3,'getHealth',34,'2024-04-01 08:52:00.058928','2024-04-01 08:52:00.064916','2024-04-01 08:52:00.074886','COMPLETED',1,12,0,12,0,0,0,0,'COMPLETED','','2024-04-01 08:52:00.074886'),(56,3,'getFamily',35,'2024-04-01 08:52:00.095831','2024-04-01 08:52:00.100818','2024-04-01 08:52:00.110796','COMPLETED',1,0,0,0,0,0,0,0,'COMPLETED','','2024-04-01 08:52:00.110796'),(57,3,'getVaccine',35,'2024-04-01 08:52:00.117774','2024-04-01 08:52:00.122760','2024-04-01 08:52:00.134729','COMPLETED',1,41,0,41,0,0,0,0,'COMPLETED','','2024-04-01 08:52:00.134729'),(58,3,'getFamily',36,'2024-04-01 08:54:01.231487','2024-04-01 08:54:01.239466','2024-04-01 08:54:01.318261','COMPLETED',1,0,0,0,0,0,0,0,'COMPLETED','','2024-04-01 08:54:01.319258'),(59,3,'getFamily',37,'2024-04-01 08:56:00.042454','2024-04-01 08:56:00.051432','2024-04-01 08:56:00.064398','COMPLETED',1,0,0,0,0,0,0,0,'COMPLETED','','2024-04-01 08:56:00.064398'),(60,3,'getHealth',37,'2024-04-01 08:56:00.073374','2024-04-01 08:56:00.080357','2024-04-01 08:56:00.115265','COMPLETED',1,12,0,12,0,0,0,0,'COMPLETED','','2024-04-01 08:56:00.115265'),(61,3,'getFamily',38,'2024-04-01 08:56:00.143192','2024-04-01 08:56:00.150178','2024-04-01 08:56:00.162141','COMPLETED',1,0,0,0,0,0,0,0,'COMPLETED','','2024-04-01 08:56:00.162141'),(62,3,'getVaccine',38,'2024-04-01 08:56:00.171118','2024-04-01 08:56:00.177103','2024-04-01 08:56:00.196054','COMPLETED',1,41,0,41,0,0,0,0,'COMPLETED','','2024-04-01 08:56:00.196054'),(63,3,'getFamily',39,'2024-04-01 08:58:00.038693','2024-04-01 08:58:00.044677','2024-04-01 08:58:00.056645','COMPLETED',1,0,0,0,0,0,0,0,'COMPLETED','','2024-04-01 08:58:00.056645'),(64,3,'getHealth',39,'2024-04-01 08:58:00.065621','2024-04-01 08:58:00.071611','2024-04-01 08:58:00.084578','COMPLETED',1,12,0,12,0,0,0,0,'COMPLETED','','2024-04-01 08:58:00.085570'),(65,3,'getFamily',40,'2024-04-01 08:58:00.108510','2024-04-01 08:58:00.114494','2024-04-01 08:58:00.126463','COMPLETED',1,0,0,0,0,0,0,0,'COMPLETED','','2024-04-01 08:58:00.127470'),(66,3,'getVaccine',40,'2024-04-01 08:58:00.136436','2024-04-01 08:58:00.142426','2024-04-01 08:58:00.160379','COMPLETED',1,41,0,41,0,0,0,0,'COMPLETED','','2024-04-01 08:58:00.161372'),(67,3,'getFamily',41,'2024-04-01 08:58:57.477442','2024-04-01 08:58:57.489447','2024-04-01 08:58:57.569235','COMPLETED',1,0,0,0,0,0,0,0,'COMPLETED','','2024-04-01 08:58:57.570233'),(68,3,'getFamily',42,'2024-04-01 09:00:00.044169','2024-04-01 09:00:00.052130','2024-04-01 09:00:00.067091','COMPLETED',1,0,0,0,0,0,0,0,'COMPLETED','','2024-04-01 09:00:00.067091'),(69,3,'getHealth',42,'2024-04-01 09:00:00.078063','2024-04-01 09:00:00.088036','2024-04-01 09:00:00.129928','COMPLETED',1,12,0,12,0,0,0,0,'COMPLETED','','2024-04-01 09:00:00.129928'),(70,3,'getFamily',43,'2024-04-01 09:00:00.197748','2024-04-01 09:00:00.203732','2024-04-01 09:00:00.214704','COMPLETED',1,0,0,0,0,0,0,0,'COMPLETED','','2024-04-01 09:00:00.214704'),(71,3,'getVaccine',43,'2024-04-01 09:00:00.224678','2024-04-01 09:00:00.230662','2024-04-01 09:00:00.255598','COMPLETED',1,41,0,41,0,0,0,0,'COMPLETED','','2024-04-01 09:00:00.256595'),(72,3,'getFamily',44,'2024-04-01 23:27:18.189956','2024-04-01 23:27:18.197934','2024-04-01 23:27:18.216883','COMPLETED',1,0,0,0,0,0,0,0,'COMPLETED','','2024-04-01 23:27:18.217881'),(73,3,'getHealth',44,'2024-04-01 23:27:18.229849','2024-04-01 23:27:18.238837','2024-04-01 23:27:18.256776','COMPLETED',1,12,0,12,0,0,0,0,'COMPLETED','','2024-04-01 23:27:18.256776'),(74,3,'getFamily',45,'2024-04-01 23:27:18.286696','2024-04-01 23:27:18.293682','2024-04-01 23:27:18.308638','COMPLETED',1,0,0,0,0,0,0,0,'COMPLETED','','2024-04-01 23:27:18.308638'),(75,3,'getVaccine',45,'2024-04-01 23:27:18.319608','2024-04-01 23:27:18.328584','2024-04-01 23:27:18.348531','COMPLETED',1,41,0,41,0,0,0,0,'COMPLETED','','2024-04-01 23:27:18.348531'),(76,3,'getFamily',46,'2024-04-01 23:28:00.030243','2024-04-01 23:28:00.040217','2024-04-01 23:28:00.054179','COMPLETED',1,0,0,0,0,0,0,0,'COMPLETED','','2024-04-01 23:28:00.054179'),(77,3,'getHealth',46,'2024-04-01 23:28:00.063155','2024-04-01 23:28:00.070136','2024-04-01 23:28:00.084099','COMPLETED',1,12,0,12,0,0,0,0,'COMPLETED','','2024-04-01 23:28:00.084099'),(78,3,'getFamily',47,'2024-04-01 23:28:00.110031','2024-04-01 23:28:00.119006','2024-04-01 23:28:00.130974','COMPLETED',1,0,0,0,0,0,0,0,'COMPLETED','','2024-04-01 23:28:00.130974'),(79,3,'getVaccine',47,'2024-04-01 23:28:00.139949','2024-04-01 23:28:00.146936','2024-04-01 23:28:00.164883','COMPLETED',1,41,0,41,0,0,0,0,'COMPLETED','','2024-04-01 23:28:00.164883'),(80,3,'getFamily',48,'2024-04-01 23:30:00.038774','2024-04-01 23:30:00.044784','2024-04-01 23:30:00.056755','COMPLETED',1,0,0,0,0,0,0,0,'COMPLETED','','2024-04-01 23:30:00.057749'),(81,3,'getHealth',48,'2024-04-01 23:30:00.066726','2024-04-01 23:30:00.072710','2024-04-01 23:30:00.085674','COMPLETED',1,12,0,12,0,0,0,0,'COMPLETED','','2024-04-01 23:30:00.085674'),(82,3,'getFamily',49,'2024-04-01 23:30:00.115595','2024-04-01 23:30:00.121578','2024-04-01 23:30:00.134544','COMPLETED',1,0,0,0,0,0,0,0,'COMPLETED','','2024-04-01 23:30:00.134544'),(83,3,'getVaccine',49,'2024-04-01 23:30:00.145514','2024-04-01 23:30:00.153492','2024-04-01 23:30:00.168457','COMPLETED',1,41,0,41,0,0,0,0,'COMPLETED','','2024-04-01 23:30:00.169450'),(84,3,'getFamily',50,'2024-04-02 00:22:54.858262','2024-04-02 00:22:54.866240','2024-04-02 00:22:54.948023','COMPLETED',1,0,0,0,0,0,0,0,'COMPLETED','','2024-04-02 00:22:54.949021'),(85,3,'getFamily',51,'2024-04-02 00:24:00.028030','2024-04-02 00:24:00.036010','2024-04-02 00:24:00.048980','COMPLETED',1,0,0,0,0,0,0,0,'COMPLETED','','2024-04-02 00:24:00.049972'),(86,3,'getHealth',51,'2024-04-02 00:24:00.060942','2024-04-02 00:24:00.070916','2024-04-02 00:24:00.108816','COMPLETED',1,12,0,12,0,0,0,0,'COMPLETED','','2024-04-02 00:24:00.108816'),(87,3,'getFamily',52,'2024-04-02 00:24:00.143721','2024-04-02 00:24:00.150702','2024-04-02 00:24:00.162671','COMPLETED',1,0,0,0,0,0,0,0,'COMPLETED','','2024-04-02 00:24:00.162671'),(88,3,'getVaccine',52,'2024-04-02 00:24:00.171647','2024-04-02 00:24:00.178629','2024-04-02 00:24:00.198575','COMPLETED',1,41,0,41,0,0,0,0,'COMPLETED','','2024-04-02 00:24:00.198575'),(89,3,'getFamily',53,'2024-04-02 01:33:29.507293','2024-04-02 01:33:29.520259','2024-04-02 01:33:29.615006','COMPLETED',1,0,0,0,0,0,0,0,'COMPLETED','','2024-04-02 01:33:29.615006'),(90,3,'getFamily',54,'2024-04-02 01:34:00.039774','2024-04-02 01:34:00.051741','2024-04-02 01:34:00.072686','COMPLETED',1,0,0,0,0,0,0,0,'COMPLETED','','2024-04-02 01:34:00.072686'),(91,3,'getHealth',54,'2024-04-02 01:34:00.084653','2024-04-02 01:34:00.092633','2024-04-02 01:34:00.135518','COMPLETED',1,12,0,12,0,0,0,0,'COMPLETED','','2024-04-02 01:34:00.135518'),(92,3,'getFamily',55,'2024-04-02 01:34:00.167432','2024-04-02 01:34:00.175411','2024-04-02 01:34:00.188376','COMPLETED',1,0,0,0,0,0,0,0,'COMPLETED','','2024-04-02 01:34:00.189373'),(93,3,'getVaccine',55,'2024-04-02 01:34:00.199347','2024-04-02 01:34:00.206328','2024-04-02 01:34:00.231262','COMPLETED',1,41,0,41,0,0,0,0,'COMPLETED','','2024-04-02 01:34:00.232259'),(94,3,'getFamily',56,'2024-04-02 01:36:00.025905','2024-04-02 01:36:00.032895','2024-04-02 01:36:00.044854','COMPLETED',1,0,0,0,0,0,0,0,'COMPLETED','','2024-04-02 01:36:00.044854'),(95,3,'getHealth',56,'2024-04-02 01:36:00.053831','2024-04-02 01:36:00.061813','2024-04-02 01:36:00.077766','COMPLETED',1,12,0,12,0,0,0,0,'COMPLETED','','2024-04-02 01:36:00.077766'),(96,3,'getFamily',57,'2024-04-02 01:36:00.109681','2024-04-02 01:36:00.117660','2024-04-02 01:36:00.131622','COMPLETED',1,0,0,0,0,0,0,0,'COMPLETED','','2024-04-02 01:36:00.131622'),(97,3,'getVaccine',57,'2024-04-02 01:36:00.140598','2024-04-02 01:36:00.149574','2024-04-02 01:36:00.169521','COMPLETED',1,41,0,41,0,0,0,0,'COMPLETED','','2024-04-02 01:36:00.169521');
/*!40000 ALTER TABLE `batch_step_execution` ENABLE KEYS */;
UNLOCK TABLES;

--
-- Table structure for table `batch_step_execution_context`
--

DROP TABLE IF EXISTS `batch_step_execution_context`;
/*!40101 SET @saved_cs_client     = @@character_set_client */;
/*!50503 SET character_set_client = utf8mb4 */;
CREATE TABLE `batch_step_execution_context` (
  `STEP_EXECUTION_ID` bigint NOT NULL,
  `SHORT_CONTEXT` varchar(2500) NOT NULL,
  `SERIALIZED_CONTEXT` text,
  PRIMARY KEY (`STEP_EXECUTION_ID`),
  CONSTRAINT `STEP_EXEC_CTX_FK` FOREIGN KEY (`STEP_EXECUTION_ID`) REFERENCES `batch_step_execution` (`STEP_EXECUTION_ID`)
) ENGINE=InnoDB DEFAULT CHARSET=utf8mb4 COLLATE=utf8mb4_0900_ai_ci;
/*!40101 SET character_set_client = @saved_cs_client */;

--
-- Dumping data for table `batch_step_execution_context`
--

LOCK TABLES `batch_step_execution_context` WRITE;
/*!40000 ALTER TABLE `batch_step_execution_context` DISABLE KEYS */;
INSERT INTO `batch_step_execution_context` VALUES (1,'rO0ABXNyABFqYXZhLnV0aWwuSGFzaE1hcAUH2sHDFmDRAwACRgAKbG9hZEZhY3RvckkACXRocmVzaG9sZHhwP0AAAAAAAAx3CAAAABAAAAAEdAARYmF0Y2gudGFza2xldFR5cGV0AD1vcmcuc3ByaW5nZnJhbWV3b3JrLmJhdGNoLmNvcmUuc3RlcC5pdGVtLkNodW5rT3JpZW50ZWRUYXNrbGV0dAANYmF0Y2gudmVyc2lvbnQABTUuMS4xdAAOYmF0Y2guc3RlcFR5cGV0ADdvcmcuc3ByaW5nZnJhbWV3b3JrLmJhdGNoLmNvcmUuc3RlcC50YXNrbGV0LlRhc2tsZXRTdGVwdAAXZmFtaWx5UmVhZGVyLnJlYWQuY291bnRzcgARamF2YS5sYW5nLkludGVnZXIS4qCk94GHOAIAAUkABXZhbHVleHIAEGphdmEubGFuZy5OdW1iZXKGrJUdC5TgiwIAAHhwAAAAAXg=',NULL),(2,'rO0ABXNyABFqYXZhLnV0aWwuSGFzaE1hcAUH2sHDFmDRAwACRgAKbG9hZEZhY3RvckkACXRocmVzaG9sZHhwP0AAAAAAAAx3CAAAABAAAAAEdAARYmF0Y2gudGFza2xldFR5cGV0AD1vcmcuc3ByaW5nZnJhbWV3b3JrLmJhdGNoLmNvcmUuc3RlcC5pdGVtLkNodW5rT3JpZW50ZWRUYXNrbGV0dAANYmF0Y2gudmVyc2lvbnQABTUuMS4xdAAOYmF0Y2guc3RlcFR5cGV0ADdvcmcuc3ByaW5nZnJhbWV3b3JrLmJhdGNoLmNvcmUuc3RlcC50YXNrbGV0LlRhc2tsZXRTdGVwdAAXZmFtaWx5UmVhZGVyLnJlYWQuY291bnRzcgARamF2YS5sYW5nLkludGVnZXIS4qCk94GHOAIAAUkABXZhbHVleHIAEGphdmEubGFuZy5OdW1iZXKGrJUdC5TgiwIAAHhwAAAAAXg=',NULL),(3,'rO0ABXNyABFqYXZhLnV0aWwuSGFzaE1hcAUH2sHDFmDRAwACRgAKbG9hZEZhY3RvckkACXRocmVzaG9sZHhwP0AAAAAAAAx3CAAAABAAAAAEdAARYmF0Y2gudGFza2xldFR5cGV0AD1vcmcuc3ByaW5nZnJhbWV3b3JrLmJhdGNoLmNvcmUuc3RlcC5pdGVtLkNodW5rT3JpZW50ZWRUYXNrbGV0dAANYmF0Y2gudmVyc2lvbnQABTUuMS4xdAAOYmF0Y2guc3RlcFR5cGV0ADdvcmcuc3ByaW5nZnJhbWV3b3JrLmJhdGNoLmNvcmUuc3RlcC50YXNrbGV0LlRhc2tsZXRTdGVwdAAXaGVhbHRoUmVhZGVyLnJlYWQuY291bnRzcgARamF2YS5sYW5nLkludGVnZXIS4qCk94GHOAIAAUkABXZhbHVleHIAEGphdmEubGFuZy5OdW1iZXKGrJUdC5TgiwIAAHhwAAAAAng=',NULL),(4,'rO0ABXNyABFqYXZhLnV0aWwuSGFzaE1hcAUH2sHDFmDRAwACRgAKbG9hZEZhY3RvckkACXRocmVzaG9sZHhwP0AAAAAAAAx3CAAAABAAAAAEdAARYmF0Y2gudGFza2xldFR5cGV0AD1vcmcuc3ByaW5nZnJhbWV3b3JrLmJhdGNoLmNvcmUuc3RlcC5pdGVtLkNodW5rT3JpZW50ZWRUYXNrbGV0dAANYmF0Y2gudmVyc2lvbnQABTUuMS4xdAAOYmF0Y2guc3RlcFR5cGV0ADdvcmcuc3ByaW5nZnJhbWV3b3JrLmJhdGNoLmNvcmUuc3RlcC50YXNrbGV0LlRhc2tsZXRTdGVwdAAXZmFtaWx5UmVhZGVyLnJlYWQuY291bnRzcgARamF2YS5sYW5nLkludGVnZXIS4qCk94GHOAIAAUkABXZhbHVleHIAEGphdmEubGFuZy5OdW1iZXKGrJUdC5TgiwIAAHhwAAAAAXg=',NULL),(5,'rO0ABXNyABFqYXZhLnV0aWwuSGFzaE1hcAUH2sHDFmDRAwACRgAKbG9hZEZhY3RvckkACXRocmVzaG9sZHhwP0AAAAAAAAx3CAAAABAAAAAEdAARYmF0Y2gudGFza2xldFR5cGV0AD1vcmcuc3ByaW5nZnJhbWV3b3JrLmJhdGNoLmNvcmUuc3RlcC5pdGVtLkNodW5rT3JpZW50ZWRUYXNrbGV0dAANYmF0Y2gudmVyc2lvbnQABTUuMS4xdAAOYmF0Y2guc3RlcFR5cGV0ADdvcmcuc3ByaW5nZnJhbWV3b3JrLmJhdGNoLmNvcmUuc3RlcC50YXNrbGV0LlRhc2tsZXRTdGVwdAAYdmFjY2luZVJlYWRlci5yZWFkLmNvdW50c3IAEWphdmEubGFuZy5JbnRlZ2VyEuKgpPeBhzgCAAFJAAV2YWx1ZXhyABBqYXZhLmxhbmcuTnVtYmVyhqyVHQuU4IsCAAB4cAAAACp4',NULL),(6,'rO0ABXNyABFqYXZhLnV0aWwuSGFzaE1hcAUH2sHDFmDRAwACRgAKbG9hZEZhY3RvckkACXRocmVzaG9sZHhwP0AAAAAAAAx3CAAAABAAAAAEdAARYmF0Y2gudGFza2xldFR5cGV0AD1vcmcuc3ByaW5nZnJhbWV3b3JrLmJhdGNoLmNvcmUuc3RlcC5pdGVtLkNodW5rT3JpZW50ZWRUYXNrbGV0dAANYmF0Y2gudmVyc2lvbnQABTUuMS4xdAAOYmF0Y2guc3RlcFR5cGV0ADdvcmcuc3ByaW5nZnJhbWV3b3JrLmJhdGNoLmNvcmUuc3RlcC50YXNrbGV0LlRhc2tsZXRTdGVwdAAXZmFtaWx5UmVhZGVyLnJlYWQuY291bnRzcgARamF2YS5sYW5nLkludGVnZXIS4qCk94GHOAIAAUkABXZhbHVleHIAEGphdmEubGFuZy5OdW1iZXKGrJUdC5TgiwIAAHhwAAAAAXg=',NULL),(7,'rO0ABXNyABFqYXZhLnV0aWwuSGFzaE1hcAUH2sHDFmDRAwACRgAKbG9hZEZhY3RvckkACXRocmVzaG9sZHhwP0AAAAAAAAx3CAAAABAAAAAEdAARYmF0Y2gudGFza2xldFR5cGV0AD1vcmcuc3ByaW5nZnJhbWV3b3JrLmJhdGNoLmNvcmUuc3RlcC5pdGVtLkNodW5rT3JpZW50ZWRUYXNrbGV0dAANYmF0Y2gudmVyc2lvbnQABTUuMS4xdAAOYmF0Y2guc3RlcFR5cGV0ADdvcmcuc3ByaW5nZnJhbWV3b3JrLmJhdGNoLmNvcmUuc3RlcC50YXNrbGV0LlRhc2tsZXRTdGVwdAAXZmFtaWx5UmVhZGVyLnJlYWQuY291bnRzcgARamF2YS5sYW5nLkludGVnZXIS4qCk94GHOAIAAUkABXZhbHVleHIAEGphdmEubGFuZy5OdW1iZXKGrJUdC5TgiwIAAHhwAAAAAXg=',NULL),(8,'rO0ABXNyABFqYXZhLnV0aWwuSGFzaE1hcAUH2sHDFmDRAwACRgAKbG9hZEZhY3RvckkACXRocmVzaG9sZHhwP0AAAAAAAAx3CAAAABAAAAAEdAARYmF0Y2gudGFza2xldFR5cGV0AD1vcmcuc3ByaW5nZnJhbWV3b3JrLmJhdGNoLmNvcmUuc3RlcC5pdGVtLkNodW5rT3JpZW50ZWRUYXNrbGV0dAANYmF0Y2gudmVyc2lvbnQABTUuMS4xdAAOYmF0Y2guc3RlcFR5cGV0ADdvcmcuc3ByaW5nZnJhbWV3b3JrLmJhdGNoLmNvcmUuc3RlcC50YXNrbGV0LlRhc2tsZXRTdGVwdAAXZmFtaWx5UmVhZGVyLnJlYWQuY291bnRzcgARamF2YS5sYW5nLkludGVnZXIS4qCk94GHOAIAAUkABXZhbHVleHIAEGphdmEubGFuZy5OdW1iZXKGrJUdC5TgiwIAAHhwAAAAAXg=',NULL),(9,'rO0ABXNyABFqYXZhLnV0aWwuSGFzaE1hcAUH2sHDFmDRAwACRgAKbG9hZEZhY3RvckkACXRocmVzaG9sZHhwP0AAAAAAAAx3CAAAABAAAAAEdAARYmF0Y2gudGFza2xldFR5cGV0AD1vcmcuc3ByaW5nZnJhbWV3b3JrLmJhdGNoLmNvcmUuc3RlcC5pdGVtLkNodW5rT3JpZW50ZWRUYXNrbGV0dAANYmF0Y2gudmVyc2lvbnQABTUuMS4xdAAOYmF0Y2guc3RlcFR5cGV0ADdvcmcuc3ByaW5nZnJhbWV3b3JrLmJhdGNoLmNvcmUuc3RlcC50YXNrbGV0LlRhc2tsZXRTdGVwdAAXaGVhbHRoUmVhZGVyLnJlYWQuY291bnRzcgARamF2YS5sYW5nLkludGVnZXIS4qCk94GHOAIAAUkABXZhbHVleHIAEGphdmEubGFuZy5OdW1iZXKGrJUdC5TgiwIAAHhwAAAADXg=',NULL),(10,'rO0ABXNyABFqYXZhLnV0aWwuSGFzaE1hcAUH2sHDFmDRAwACRgAKbG9hZEZhY3RvckkACXRocmVzaG9sZHhwP0AAAAAAAAx3CAAAABAAAAAEdAARYmF0Y2gudGFza2xldFR5cGV0AD1vcmcuc3ByaW5nZnJhbWV3b3JrLmJhdGNoLmNvcmUuc3RlcC5pdGVtLkNodW5rT3JpZW50ZWRUYXNrbGV0dAANYmF0Y2gudmVyc2lvbnQABTUuMS4xdAAOYmF0Y2guc3RlcFR5cGV0ADdvcmcuc3ByaW5nZnJhbWV3b3JrLmJhdGNoLmNvcmUuc3RlcC50YXNrbGV0LlRhc2tsZXRTdGVwdAAXZmFtaWx5UmVhZGVyLnJlYWQuY291bnRzcgARamF2YS5sYW5nLkludGVnZXIS4qCk94GHOAIAAUkABXZhbHVleHIAEGphdmEubGFuZy5OdW1iZXKGrJUdC5TgiwIAAHhwAAAAAXg=',NULL),(11,'rO0ABXNyABFqYXZhLnV0aWwuSGFzaE1hcAUH2sHDFmDRAwACRgAKbG9hZEZhY3RvckkACXRocmVzaG9sZHhwP0AAAAAAAAx3CAAAABAAAAAEdAARYmF0Y2gudGFza2xldFR5cGV0AD1vcmcuc3ByaW5nZnJhbWV3b3JrLmJhdGNoLmNvcmUuc3RlcC5pdGVtLkNodW5rT3JpZW50ZWRUYXNrbGV0dAANYmF0Y2gudmVyc2lvbnQABTUuMS4xdAAOYmF0Y2guc3RlcFR5cGV0ADdvcmcuc3ByaW5nZnJhbWV3b3JrLmJhdGNoLmNvcmUuc3RlcC50YXNrbGV0LlRhc2tsZXRTdGVwdAAYdmFjY2luZVJlYWRlci5yZWFkLmNvdW50c3IAEWphdmEubGFuZy5JbnRlZ2VyEuKgpPeBhzgCAAFJAAV2YWx1ZXhyABBqYXZhLmxhbmcuTnVtYmVyhqyVHQuU4IsCAAB4cAAAACp4',NULL),(12,'rO0ABXNyABFqYXZhLnV0aWwuSGFzaE1hcAUH2sHDFmDRAwACRgAKbG9hZEZhY3RvckkACXRocmVzaG9sZHhwP0AAAAAAAAx3CAAAABAAAAAEdAARYmF0Y2gudGFza2xldFR5cGV0AD1vcmcuc3ByaW5nZnJhbWV3b3JrLmJhdGNoLmNvcmUuc3RlcC5pdGVtLkNodW5rT3JpZW50ZWRUYXNrbGV0dAANYmF0Y2gudmVyc2lvbnQABTUuMS4xdAAOYmF0Y2guc3RlcFR5cGV0ADdvcmcuc3ByaW5nZnJhbWV3b3JrLmJhdGNoLmNvcmUuc3RlcC50YXNrbGV0LlRhc2tsZXRTdGVwdAAXZmFtaWx5UmVhZGVyLnJlYWQuY291bnRzcgARamF2YS5sYW5nLkludGVnZXIS4qCk94GHOAIAAUkABXZhbHVleHIAEGphdmEubGFuZy5OdW1iZXKGrJUdC5TgiwIAAHhwAAAAAXg=',NULL),(13,'rO0ABXNyABFqYXZhLnV0aWwuSGFzaE1hcAUH2sHDFmDRAwACRgAKbG9hZEZhY3RvckkACXRocmVzaG9sZHhwP0AAAAAAAAx3CAAAABAAAAAEdAARYmF0Y2gudGFza2xldFR5cGV0AD1vcmcuc3ByaW5nZnJhbWV3b3JrLmJhdGNoLmNvcmUuc3RlcC5pdGVtLkNodW5rT3JpZW50ZWRUYXNrbGV0dAANYmF0Y2gudmVyc2lvbnQABTUuMS4xdAAOYmF0Y2guc3RlcFR5cGV0ADdvcmcuc3ByaW5nZnJhbWV3b3JrLmJhdGNoLmNvcmUuc3RlcC50YXNrbGV0LlRhc2tsZXRTdGVwdAAXZmFtaWx5UmVhZGVyLnJlYWQuY291bnRzcgARamF2YS5sYW5nLkludGVnZXIS4qCk94GHOAIAAUkABXZhbHVleHIAEGphdmEubGFuZy5OdW1iZXKGrJUdC5TgiwIAAHhwAAAAAXg=',NULL),(14,'rO0ABXNyABFqYXZhLnV0aWwuSGFzaE1hcAUH2sHDFmDRAwACRgAKbG9hZEZhY3RvckkACXRocmVzaG9sZHhwP0AAAAAAAAx3CAAAABAAAAAEdAARYmF0Y2gudGFza2xldFR5cGV0AD1vcmcuc3ByaW5nZnJhbWV3b3JrLmJhdGNoLmNvcmUuc3RlcC5pdGVtLkNodW5rT3JpZW50ZWRUYXNrbGV0dAANYmF0Y2gudmVyc2lvbnQABTUuMS4xdAAOYmF0Y2guc3RlcFR5cGV0ADdvcmcuc3ByaW5nZnJhbWV3b3JrLmJhdGNoLmNvcmUuc3RlcC50YXNrbGV0LlRhc2tsZXRTdGVwdAAXZmFtaWx5UmVhZGVyLnJlYWQuY291bnRzcgARamF2YS5sYW5nLkludGVnZXIS4qCk94GHOAIAAUkABXZhbHVleHIAEGphdmEubGFuZy5OdW1iZXKGrJUdC5TgiwIAAHhwAAAAAXg=',NULL),(15,'rO0ABXNyABFqYXZhLnV0aWwuSGFzaE1hcAUH2sHDFmDRAwACRgAKbG9hZEZhY3RvckkACXRocmVzaG9sZHhwP0AAAAAAAAx3CAAAABAAAAAEdAARYmF0Y2gudGFza2xldFR5cGV0AD1vcmcuc3ByaW5nZnJhbWV3b3JrLmJhdGNoLmNvcmUuc3RlcC5pdGVtLkNodW5rT3JpZW50ZWRUYXNrbGV0dAANYmF0Y2gudmVyc2lvbnQABTUuMS4xdAAOYmF0Y2guc3RlcFR5cGV0ADdvcmcuc3ByaW5nZnJhbWV3b3JrLmJhdGNoLmNvcmUuc3RlcC50YXNrbGV0LlRhc2tsZXRTdGVwdAAXZmFtaWx5UmVhZGVyLnJlYWQuY291bnRzcgARamF2YS5sYW5nLkludGVnZXIS4qCk94GHOAIAAUkABXZhbHVleHIAEGphdmEubGFuZy5OdW1iZXKGrJUdC5TgiwIAAHhwAAAAAXg=',NULL),(16,'rO0ABXNyABFqYXZhLnV0aWwuSGFzaE1hcAUH2sHDFmDRAwACRgAKbG9hZEZhY3RvckkACXRocmVzaG9sZHhwP0AAAAAAAAx3CAAAABAAAAAEdAARYmF0Y2gudGFza2xldFR5cGV0AD1vcmcuc3ByaW5nZnJhbWV3b3JrLmJhdGNoLmNvcmUuc3RlcC5pdGVtLkNodW5rT3JpZW50ZWRUYXNrbGV0dAANYmF0Y2gudmVyc2lvbnQABTUuMS4xdAAOYmF0Y2guc3RlcFR5cGV0ADdvcmcuc3ByaW5nZnJhbWV3b3JrLmJhdGNoLmNvcmUuc3RlcC50YXNrbGV0LlRhc2tsZXRTdGVwdAAXZmFtaWx5UmVhZGVyLnJlYWQuY291bnRzcgARamF2YS5sYW5nLkludGVnZXIS4qCk94GHOAIAAUkABXZhbHVleHIAEGphdmEubGFuZy5OdW1iZXKGrJUdC5TgiwIAAHhwAAAAAXg=',NULL),(17,'rO0ABXNyABFqYXZhLnV0aWwuSGFzaE1hcAUH2sHDFmDRAwACRgAKbG9hZEZhY3RvckkACXRocmVzaG9sZHhwP0AAAAAAAAx3CAAAABAAAAAEdAARYmF0Y2gudGFza2xldFR5cGV0AD1vcmcuc3ByaW5nZnJhbWV3b3JrLmJhdGNoLmNvcmUuc3RlcC5pdGVtLkNodW5rT3JpZW50ZWRUYXNrbGV0dAANYmF0Y2gudmVyc2lvbnQABTUuMS4xdAAOYmF0Y2guc3RlcFR5cGV0ADdvcmcuc3ByaW5nZnJhbWV3b3JrLmJhdGNoLmNvcmUuc3RlcC50YXNrbGV0LlRhc2tsZXRTdGVwdAAXZmFtaWx5UmVhZGVyLnJlYWQuY291bnRzcgARamF2YS5sYW5nLkludGVnZXIS4qCk94GHOAIAAUkABXZhbHVleHIAEGphdmEubGFuZy5OdW1iZXKGrJUdC5TgiwIAAHhwAAAAAXg=',NULL),(18,'rO0ABXNyABFqYXZhLnV0aWwuSGFzaE1hcAUH2sHDFmDRAwACRgAKbG9hZEZhY3RvckkACXRocmVzaG9sZHhwP0AAAAAAAAx3CAAAABAAAAAEdAARYmF0Y2gudGFza2xldFR5cGV0AD1vcmcuc3ByaW5nZnJhbWV3b3JrLmJhdGNoLmNvcmUuc3RlcC5pdGVtLkNodW5rT3JpZW50ZWRUYXNrbGV0dAANYmF0Y2gudmVyc2lvbnQABTUuMS4xdAAOYmF0Y2guc3RlcFR5cGV0ADdvcmcuc3ByaW5nZnJhbWV3b3JrLmJhdGNoLmNvcmUuc3RlcC50YXNrbGV0LlRhc2tsZXRTdGVwdAAXZmFtaWx5UmVhZGVyLnJlYWQuY291bnRzcgARamF2YS5sYW5nLkludGVnZXIS4qCk94GHOAIAAUkABXZhbHVleHIAEGphdmEubGFuZy5OdW1iZXKGrJUdC5TgiwIAAHhwAAAAAXg=',NULL),(19,'rO0ABXNyABFqYXZhLnV0aWwuSGFzaE1hcAUH2sHDFmDRAwACRgAKbG9hZEZhY3RvckkACXRocmVzaG9sZHhwP0AAAAAAAAx3CAAAABAAAAAEdAARYmF0Y2gudGFza2xldFR5cGV0AD1vcmcuc3ByaW5nZnJhbWV3b3JrLmJhdGNoLmNvcmUuc3RlcC5pdGVtLkNodW5rT3JpZW50ZWRUYXNrbGV0dAANYmF0Y2gudmVyc2lvbnQABTUuMS4xdAAOYmF0Y2guc3RlcFR5cGV0ADdvcmcuc3ByaW5nZnJhbWV3b3JrLmJhdGNoLmNvcmUuc3RlcC50YXNrbGV0LlRhc2tsZXRTdGVwdAAXZmFtaWx5UmVhZGVyLnJlYWQuY291bnRzcgARamF2YS5sYW5nLkludGVnZXIS4qCk94GHOAIAAUkABXZhbHVleHIAEGphdmEubGFuZy5OdW1iZXKGrJUdC5TgiwIAAHhwAAAAAXg=',NULL),(20,'rO0ABXNyABFqYXZhLnV0aWwuSGFzaE1hcAUH2sHDFmDRAwACRgAKbG9hZEZhY3RvckkACXRocmVzaG9sZHhwP0AAAAAAAAx3CAAAABAAAAAEdAARYmF0Y2gudGFza2xldFR5cGV0AD1vcmcuc3ByaW5nZnJhbWV3b3JrLmJhdGNoLmNvcmUuc3RlcC5pdGVtLkNodW5rT3JpZW50ZWRUYXNrbGV0dAANYmF0Y2gudmVyc2lvbnQABTUuMS4xdAAOYmF0Y2guc3RlcFR5cGV0ADdvcmcuc3ByaW5nZnJhbWV3b3JrLmJhdGNoLmNvcmUuc3RlcC50YXNrbGV0LlRhc2tsZXRTdGVwdAAXZmFtaWx5UmVhZGVyLnJlYWQuY291bnRzcgARamF2YS5sYW5nLkludGVnZXIS4qCk94GHOAIAAUkABXZhbHVleHIAEGphdmEubGFuZy5OdW1iZXKGrJUdC5TgiwIAAHhwAAAAAXg=',NULL),(21,'rO0ABXNyABFqYXZhLnV0aWwuSGFzaE1hcAUH2sHDFmDRAwACRgAKbG9hZEZhY3RvckkACXRocmVzaG9sZHhwP0AAAAAAAAx3CAAAABAAAAAEdAARYmF0Y2gudGFza2xldFR5cGV0AD1vcmcuc3ByaW5nZnJhbWV3b3JrLmJhdGNoLmNvcmUuc3RlcC5pdGVtLkNodW5rT3JpZW50ZWRUYXNrbGV0dAANYmF0Y2gudmVyc2lvbnQABTUuMS4xdAAOYmF0Y2guc3RlcFR5cGV0ADdvcmcuc3ByaW5nZnJhbWV3b3JrLmJhdGNoLmNvcmUuc3RlcC50YXNrbGV0LlRhc2tsZXRTdGVwdAAXZmFtaWx5UmVhZGVyLnJlYWQuY291bnRzcgARamF2YS5sYW5nLkludGVnZXIS4qCk94GHOAIAAUkABXZhbHVleHIAEGphdmEubGFuZy5OdW1iZXKGrJUdC5TgiwIAAHhwAAAAAXg=',NULL),(22,'rO0ABXNyABFqYXZhLnV0aWwuSGFzaE1hcAUH2sHDFmDRAwACRgAKbG9hZEZhY3RvckkACXRocmVzaG9sZHhwP0AAAAAAAAx3CAAAABAAAAAEdAARYmF0Y2gudGFza2xldFR5cGV0AD1vcmcuc3ByaW5nZnJhbWV3b3JrLmJhdGNoLmNvcmUuc3RlcC5pdGVtLkNodW5rT3JpZW50ZWRUYXNrbGV0dAANYmF0Y2gudmVyc2lvbnQABTUuMS4xdAAOYmF0Y2guc3RlcFR5cGV0ADdvcmcuc3ByaW5nZnJhbWV3b3JrLmJhdGNoLmNvcmUuc3RlcC50YXNrbGV0LlRhc2tsZXRTdGVwdAAXZmFtaWx5UmVhZGVyLnJlYWQuY291bnRzcgARamF2YS5sYW5nLkludGVnZXIS4qCk94GHOAIAAUkABXZhbHVleHIAEGphdmEubGFuZy5OdW1iZXKGrJUdC5TgiwIAAHhwAAAAAXg=',NULL),(23,'rO0ABXNyABFqYXZhLnV0aWwuSGFzaE1hcAUH2sHDFmDRAwACRgAKbG9hZEZhY3RvckkACXRocmVzaG9sZHhwP0AAAAAAAAx3CAAAABAAAAAEdAARYmF0Y2gudGFza2xldFR5cGV0AD1vcmcuc3ByaW5nZnJhbWV3b3JrLmJhdGNoLmNvcmUuc3RlcC5pdGVtLkNodW5rT3JpZW50ZWRUYXNrbGV0dAANYmF0Y2gudmVyc2lvbnQABTUuMS4xdAAOYmF0Y2guc3RlcFR5cGV0ADdvcmcuc3ByaW5nZnJhbWV3b3JrLmJhdGNoLmNvcmUuc3RlcC50YXNrbGV0LlRhc2tsZXRTdGVwdAAXaGVhbHRoUmVhZGVyLnJlYWQuY291bnRzcgARamF2YS5sYW5nLkludGVnZXIS4qCk94GHOAIAAUkABXZhbHVleHIAEGphdmEubGFuZy5OdW1iZXKGrJUdC5TgiwIAAHhwAAAADXg=',NULL),(24,'rO0ABXNyABFqYXZhLnV0aWwuSGFzaE1hcAUH2sHDFmDRAwACRgAKbG9hZEZhY3RvckkACXRocmVzaG9sZHhwP0AAAAAAAAx3CAAAABAAAAAEdAARYmF0Y2gudGFza2xldFR5cGV0AD1vcmcuc3ByaW5nZnJhbWV3b3JrLmJhdGNoLmNvcmUuc3RlcC5pdGVtLkNodW5rT3JpZW50ZWRUYXNrbGV0dAANYmF0Y2gudmVyc2lvbnQABTUuMS4xdAAOYmF0Y2guc3RlcFR5cGV0ADdvcmcuc3ByaW5nZnJhbWV3b3JrLmJhdGNoLmNvcmUuc3RlcC50YXNrbGV0LlRhc2tsZXRTdGVwdAAXZmFtaWx5UmVhZGVyLnJlYWQuY291bnRzcgARamF2YS5sYW5nLkludGVnZXIS4qCk94GHOAIAAUkABXZhbHVleHIAEGphdmEubGFuZy5OdW1iZXKGrJUdC5TgiwIAAHhwAAAAAXg=',NULL),(25,'rO0ABXNyABFqYXZhLnV0aWwuSGFzaE1hcAUH2sHDFmDRAwACRgAKbG9hZEZhY3RvckkACXRocmVzaG9sZHhwP0AAAAAAAAx3CAAAABAAAAAEdAARYmF0Y2gudGFza2xldFR5cGV0AD1vcmcuc3ByaW5nZnJhbWV3b3JrLmJhdGNoLmNvcmUuc3RlcC5pdGVtLkNodW5rT3JpZW50ZWRUYXNrbGV0dAANYmF0Y2gudmVyc2lvbnQABTUuMS4xdAAOYmF0Y2guc3RlcFR5cGV0ADdvcmcuc3ByaW5nZnJhbWV3b3JrLmJhdGNoLmNvcmUuc3RlcC50YXNrbGV0LlRhc2tsZXRTdGVwdAAYdmFjY2luZVJlYWRlci5yZWFkLmNvdW50c3IAEWphdmEubGFuZy5JbnRlZ2VyEuKgpPeBhzgCAAFJAAV2YWx1ZXhyABBqYXZhLmxhbmcuTnVtYmVyhqyVHQuU4IsCAAB4cAAAACp4',NULL),(26,'rO0ABXNyABFqYXZhLnV0aWwuSGFzaE1hcAUH2sHDFmDRAwACRgAKbG9hZEZhY3RvckkACXRocmVzaG9sZHhwP0AAAAAAAAx3CAAAABAAAAAEdAARYmF0Y2gudGFza2xldFR5cGV0AD1vcmcuc3ByaW5nZnJhbWV3b3JrLmJhdGNoLmNvcmUuc3RlcC5pdGVtLkNodW5rT3JpZW50ZWRUYXNrbGV0dAANYmF0Y2gudmVyc2lvbnQABTUuMS4xdAAOYmF0Y2guc3RlcFR5cGV0ADdvcmcuc3ByaW5nZnJhbWV3b3JrLmJhdGNoLmNvcmUuc3RlcC50YXNrbGV0LlRhc2tsZXRTdGVwdAAXZmFtaWx5UmVhZGVyLnJlYWQuY291bnRzcgARamF2YS5sYW5nLkludGVnZXIS4qCk94GHOAIAAUkABXZhbHVleHIAEGphdmEubGFuZy5OdW1iZXKGrJUdC5TgiwIAAHhwAAAAAXg=',NULL),(27,'rO0ABXNyABFqYXZhLnV0aWwuSGFzaE1hcAUH2sHDFmDRAwACRgAKbG9hZEZhY3RvckkACXRocmVzaG9sZHhwP0AAAAAAAAx3CAAAABAAAAAEdAARYmF0Y2gudGFza2xldFR5cGV0AD1vcmcuc3ByaW5nZnJhbWV3b3JrLmJhdGNoLmNvcmUuc3RlcC5pdGVtLkNodW5rT3JpZW50ZWRUYXNrbGV0dAANYmF0Y2gudmVyc2lvbnQABTUuMS4xdAAOYmF0Y2guc3RlcFR5cGV0ADdvcmcuc3ByaW5nZnJhbWV3b3JrLmJhdGNoLmNvcmUuc3RlcC50YXNrbGV0LlRhc2tsZXRTdGVwdAAXaGVhbHRoUmVhZGVyLnJlYWQuY291bnRzcgARamF2YS5sYW5nLkludGVnZXIS4qCk94GHOAIAAUkABXZhbHVleHIAEGphdmEubGFuZy5OdW1iZXKGrJUdC5TgiwIAAHhwAAAADXg=',NULL),(28,'rO0ABXNyABFqYXZhLnV0aWwuSGFzaE1hcAUH2sHDFmDRAwACRgAKbG9hZEZhY3RvckkACXRocmVzaG9sZHhwP0AAAAAAAAx3CAAAABAAAAAEdAARYmF0Y2gudGFza2xldFR5cGV0AD1vcmcuc3ByaW5nZnJhbWV3b3JrLmJhdGNoLmNvcmUuc3RlcC5pdGVtLkNodW5rT3JpZW50ZWRUYXNrbGV0dAANYmF0Y2gudmVyc2lvbnQABTUuMS4xdAAOYmF0Y2guc3RlcFR5cGV0ADdvcmcuc3ByaW5nZnJhbWV3b3JrLmJhdGNoLmNvcmUuc3RlcC50YXNrbGV0LlRhc2tsZXRTdGVwdAAXZmFtaWx5UmVhZGVyLnJlYWQuY291bnRzcgARamF2YS5sYW5nLkludGVnZXIS4qCk94GHOAIAAUkABXZhbHVleHIAEGphdmEubGFuZy5OdW1iZXKGrJUdC5TgiwIAAHhwAAAAAXg=',NULL),(29,'rO0ABXNyABFqYXZhLnV0aWwuSGFzaE1hcAUH2sHDFmDRAwACRgAKbG9hZEZhY3RvckkACXRocmVzaG9sZHhwP0AAAAAAAAx3CAAAABAAAAAEdAARYmF0Y2gudGFza2xldFR5cGV0AD1vcmcuc3ByaW5nZnJhbWV3b3JrLmJhdGNoLmNvcmUuc3RlcC5pdGVtLkNodW5rT3JpZW50ZWRUYXNrbGV0dAANYmF0Y2gudmVyc2lvbnQABTUuMS4xdAAOYmF0Y2guc3RlcFR5cGV0ADdvcmcuc3ByaW5nZnJhbWV3b3JrLmJhdGNoLmNvcmUuc3RlcC50YXNrbGV0LlRhc2tsZXRTdGVwdAAYdmFjY2luZVJlYWRlci5yZWFkLmNvdW50c3IAEWphdmEubGFuZy5JbnRlZ2VyEuKgpPeBhzgCAAFJAAV2YWx1ZXhyABBqYXZhLmxhbmcuTnVtYmVyhqyVHQuU4IsCAAB4cAAAACp4',NULL),(30,'rO0ABXNyABFqYXZhLnV0aWwuSGFzaE1hcAUH2sHDFmDRAwACRgAKbG9hZEZhY3RvckkACXRocmVzaG9sZHhwP0AAAAAAAAx3CAAAABAAAAAEdAARYmF0Y2gudGFza2xldFR5cGV0AD1vcmcuc3ByaW5nZnJhbWV3b3JrLmJhdGNoLmNvcmUuc3RlcC5pdGVtLkNodW5rT3JpZW50ZWRUYXNrbGV0dAANYmF0Y2gudmVyc2lvbnQABTUuMS4xdAAOYmF0Y2guc3RlcFR5cGV0ADdvcmcuc3ByaW5nZnJhbWV3b3JrLmJhdGNoLmNvcmUuc3RlcC50YXNrbGV0LlRhc2tsZXRTdGVwdAAXZmFtaWx5UmVhZGVyLnJlYWQuY291bnRzcgARamF2YS5sYW5nLkludGVnZXIS4qCk94GHOAIAAUkABXZhbHVleHIAEGphdmEubGFuZy5OdW1iZXKGrJUdC5TgiwIAAHhwAAAAAXg=',NULL),(31,'rO0ABXNyABFqYXZhLnV0aWwuSGFzaE1hcAUH2sHDFmDRAwACRgAKbG9hZEZhY3RvckkACXRocmVzaG9sZHhwP0AAAAAAAAx3CAAAABAAAAAEdAARYmF0Y2gudGFza2xldFR5cGV0AD1vcmcuc3ByaW5nZnJhbWV3b3JrLmJhdGNoLmNvcmUuc3RlcC5pdGVtLkNodW5rT3JpZW50ZWRUYXNrbGV0dAANYmF0Y2gudmVyc2lvbnQABTUuMS4xdAAOYmF0Y2guc3RlcFR5cGV0ADdvcmcuc3ByaW5nZnJhbWV3b3JrLmJhdGNoLmNvcmUuc3RlcC50YXNrbGV0LlRhc2tsZXRTdGVwdAAXaGVhbHRoUmVhZGVyLnJlYWQuY291bnRzcgARamF2YS5sYW5nLkludGVnZXIS4qCk94GHOAIAAUkABXZhbHVleHIAEGphdmEubGFuZy5OdW1iZXKGrJUdC5TgiwIAAHhwAAAADXg=',NULL),(32,'rO0ABXNyABFqYXZhLnV0aWwuSGFzaE1hcAUH2sHDFmDRAwACRgAKbG9hZEZhY3RvckkACXRocmVzaG9sZHhwP0AAAAAAAAx3CAAAABAAAAAEdAARYmF0Y2gudGFza2xldFR5cGV0AD1vcmcuc3ByaW5nZnJhbWV3b3JrLmJhdGNoLmNvcmUuc3RlcC5pdGVtLkNodW5rT3JpZW50ZWRUYXNrbGV0dAANYmF0Y2gudmVyc2lvbnQABTUuMS4xdAAOYmF0Y2guc3RlcFR5cGV0ADdvcmcuc3ByaW5nZnJhbWV3b3JrLmJhdGNoLmNvcmUuc3RlcC50YXNrbGV0LlRhc2tsZXRTdGVwdAAXZmFtaWx5UmVhZGVyLnJlYWQuY291bnRzcgARamF2YS5sYW5nLkludGVnZXIS4qCk94GHOAIAAUkABXZhbHVleHIAEGphdmEubGFuZy5OdW1iZXKGrJUdC5TgiwIAAHhwAAAAAXg=',NULL),(33,'rO0ABXNyABFqYXZhLnV0aWwuSGFzaE1hcAUH2sHDFmDRAwACRgAKbG9hZEZhY3RvckkACXRocmVzaG9sZHhwP0AAAAAAAAx3CAAAABAAAAAEdAARYmF0Y2gudGFza2xldFR5cGV0AD1vcmcuc3ByaW5nZnJhbWV3b3JrLmJhdGNoLmNvcmUuc3RlcC5pdGVtLkNodW5rT3JpZW50ZWRUYXNrbGV0dAANYmF0Y2gudmVyc2lvbnQABTUuMS4xdAAOYmF0Y2guc3RlcFR5cGV0ADdvcmcuc3ByaW5nZnJhbWV3b3JrLmJhdGNoLmNvcmUuc3RlcC50YXNrbGV0LlRhc2tsZXRTdGVwdAAYdmFjY2luZVJlYWRlci5yZWFkLmNvdW50c3IAEWphdmEubGFuZy5JbnRlZ2VyEuKgpPeBhzgCAAFJAAV2YWx1ZXhyABBqYXZhLmxhbmcuTnVtYmVyhqyVHQuU4IsCAAB4cAAAACp4',NULL),(34,'rO0ABXNyABFqYXZhLnV0aWwuSGFzaE1hcAUH2sHDFmDRAwACRgAKbG9hZEZhY3RvckkACXRocmVzaG9sZHhwP0AAAAAAAAx3CAAAABAAAAAEdAARYmF0Y2gudGFza2xldFR5cGV0AD1vcmcuc3ByaW5nZnJhbWV3b3JrLmJhdGNoLmNvcmUuc3RlcC5pdGVtLkNodW5rT3JpZW50ZWRUYXNrbGV0dAANYmF0Y2gudmVyc2lvbnQABTUuMS4xdAAOYmF0Y2guc3RlcFR5cGV0ADdvcmcuc3ByaW5nZnJhbWV3b3JrLmJhdGNoLmNvcmUuc3RlcC50YXNrbGV0LlRhc2tsZXRTdGVwdAAXZmFtaWx5UmVhZGVyLnJlYWQuY291bnRzcgARamF2YS5sYW5nLkludGVnZXIS4qCk94GHOAIAAUkABXZhbHVleHIAEGphdmEubGFuZy5OdW1iZXKGrJUdC5TgiwIAAHhwAAAAAXg=',NULL),(35,'rO0ABXNyABFqYXZhLnV0aWwuSGFzaE1hcAUH2sHDFmDRAwACRgAKbG9hZEZhY3RvckkACXRocmVzaG9sZHhwP0AAAAAAAAx3CAAAABAAAAAEdAARYmF0Y2gudGFza2xldFR5cGV0AD1vcmcuc3ByaW5nZnJhbWV3b3JrLmJhdGNoLmNvcmUuc3RlcC5pdGVtLkNodW5rT3JpZW50ZWRUYXNrbGV0dAANYmF0Y2gudmVyc2lvbnQABTUuMS4xdAAOYmF0Y2guc3RlcFR5cGV0ADdvcmcuc3ByaW5nZnJhbWV3b3JrLmJhdGNoLmNvcmUuc3RlcC50YXNrbGV0LlRhc2tsZXRTdGVwdAAXaGVhbHRoUmVhZGVyLnJlYWQuY291bnRzcgARamF2YS5sYW5nLkludGVnZXIS4qCk94GHOAIAAUkABXZhbHVleHIAEGphdmEubGFuZy5OdW1iZXKGrJUdC5TgiwIAAHhwAAAADXg=',NULL),(36,'rO0ABXNyABFqYXZhLnV0aWwuSGFzaE1hcAUH2sHDFmDRAwACRgAKbG9hZEZhY3RvckkACXRocmVzaG9sZHhwP0AAAAAAAAx3CAAAABAAAAAEdAARYmF0Y2gudGFza2xldFR5cGV0AD1vcmcuc3ByaW5nZnJhbWV3b3JrLmJhdGNoLmNvcmUuc3RlcC5pdGVtLkNodW5rT3JpZW50ZWRUYXNrbGV0dAANYmF0Y2gudmVyc2lvbnQABTUuMS4xdAAOYmF0Y2guc3RlcFR5cGV0ADdvcmcuc3ByaW5nZnJhbWV3b3JrLmJhdGNoLmNvcmUuc3RlcC50YXNrbGV0LlRhc2tsZXRTdGVwdAAXZmFtaWx5UmVhZGVyLnJlYWQuY291bnRzcgARamF2YS5sYW5nLkludGVnZXIS4qCk94GHOAIAAUkABXZhbHVleHIAEGphdmEubGFuZy5OdW1iZXKGrJUdC5TgiwIAAHhwAAAAAXg=',NULL),(37,'rO0ABXNyABFqYXZhLnV0aWwuSGFzaE1hcAUH2sHDFmDRAwACRgAKbG9hZEZhY3RvckkACXRocmVzaG9sZHhwP0AAAAAAAAx3CAAAABAAAAAEdAARYmF0Y2gudGFza2xldFR5cGV0AD1vcmcuc3ByaW5nZnJhbWV3b3JrLmJhdGNoLmNvcmUuc3RlcC5pdGVtLkNodW5rT3JpZW50ZWRUYXNrbGV0dAANYmF0Y2gudmVyc2lvbnQABTUuMS4xdAAOYmF0Y2guc3RlcFR5cGV0ADdvcmcuc3ByaW5nZnJhbWV3b3JrLmJhdGNoLmNvcmUuc3RlcC50YXNrbGV0LlRhc2tsZXRTdGVwdAAYdmFjY2luZVJlYWRlci5yZWFkLmNvdW50c3IAEWphdmEubGFuZy5JbnRlZ2VyEuKgpPeBhzgCAAFJAAV2YWx1ZXhyABBqYXZhLmxhbmcuTnVtYmVyhqyVHQuU4IsCAAB4cAAAACp4',NULL),(38,'rO0ABXNyABFqYXZhLnV0aWwuSGFzaE1hcAUH2sHDFmDRAwACRgAKbG9hZEZhY3RvckkACXRocmVzaG9sZHhwP0AAAAAAAAx3CAAAABAAAAAEdAARYmF0Y2gudGFza2xldFR5cGV0AD1vcmcuc3ByaW5nZnJhbWV3b3JrLmJhdGNoLmNvcmUuc3RlcC5pdGVtLkNodW5rT3JpZW50ZWRUYXNrbGV0dAANYmF0Y2gudmVyc2lvbnQABTUuMS4xdAAOYmF0Y2guc3RlcFR5cGV0ADdvcmcuc3ByaW5nZnJhbWV3b3JrLmJhdGNoLmNvcmUuc3RlcC50YXNrbGV0LlRhc2tsZXRTdGVwdAAXZmFtaWx5UmVhZGVyLnJlYWQuY291bnRzcgARamF2YS5sYW5nLkludGVnZXIS4qCk94GHOAIAAUkABXZhbHVleHIAEGphdmEubGFuZy5OdW1iZXKGrJUdC5TgiwIAAHhwAAAAAXg=',NULL),(39,'rO0ABXNyABFqYXZhLnV0aWwuSGFzaE1hcAUH2sHDFmDRAwACRgAKbG9hZEZhY3RvckkACXRocmVzaG9sZHhwP0AAAAAAAAx3CAAAABAAAAAEdAARYmF0Y2gudGFza2xldFR5cGV0AD1vcmcuc3ByaW5nZnJhbWV3b3JrLmJhdGNoLmNvcmUuc3RlcC5pdGVtLkNodW5rT3JpZW50ZWRUYXNrbGV0dAANYmF0Y2gudmVyc2lvbnQABTUuMS4xdAAOYmF0Y2guc3RlcFR5cGV0ADdvcmcuc3ByaW5nZnJhbWV3b3JrLmJhdGNoLmNvcmUuc3RlcC50YXNrbGV0LlRhc2tsZXRTdGVwdAAXaGVhbHRoUmVhZGVyLnJlYWQuY291bnRzcgARamF2YS5sYW5nLkludGVnZXIS4qCk94GHOAIAAUkABXZhbHVleHIAEGphdmEubGFuZy5OdW1iZXKGrJUdC5TgiwIAAHhwAAAADXg=',NULL),(40,'rO0ABXNyABFqYXZhLnV0aWwuSGFzaE1hcAUH2sHDFmDRAwACRgAKbG9hZEZhY3RvckkACXRocmVzaG9sZHhwP0AAAAAAAAx3CAAAABAAAAAEdAARYmF0Y2gudGFza2xldFR5cGV0AD1vcmcuc3ByaW5nZnJhbWV3b3JrLmJhdGNoLmNvcmUuc3RlcC5pdGVtLkNodW5rT3JpZW50ZWRUYXNrbGV0dAANYmF0Y2gudmVyc2lvbnQABTUuMS4xdAAOYmF0Y2guc3RlcFR5cGV0ADdvcmcuc3ByaW5nZnJhbWV3b3JrLmJhdGNoLmNvcmUuc3RlcC50YXNrbGV0LlRhc2tsZXRTdGVwdAAXZmFtaWx5UmVhZGVyLnJlYWQuY291bnRzcgARamF2YS5sYW5nLkludGVnZXIS4qCk94GHOAIAAUkABXZhbHVleHIAEGphdmEubGFuZy5OdW1iZXKGrJUdC5TgiwIAAHhwAAAAAXg=',NULL),(41,'rO0ABXNyABFqYXZhLnV0aWwuSGFzaE1hcAUH2sHDFmDRAwACRgAKbG9hZEZhY3RvckkACXRocmVzaG9sZHhwP0AAAAAAAAx3CAAAABAAAAAEdAARYmF0Y2gudGFza2xldFR5cGV0AD1vcmcuc3ByaW5nZnJhbWV3b3JrLmJhdGNoLmNvcmUuc3RlcC5pdGVtLkNodW5rT3JpZW50ZWRUYXNrbGV0dAANYmF0Y2gudmVyc2lvbnQABTUuMS4xdAAOYmF0Y2guc3RlcFR5cGV0ADdvcmcuc3ByaW5nZnJhbWV3b3JrLmJhdGNoLmNvcmUuc3RlcC50YXNrbGV0LlRhc2tsZXRTdGVwdAAYdmFjY2luZVJlYWRlci5yZWFkLmNvdW50c3IAEWphdmEubGFuZy5JbnRlZ2VyEuKgpPeBhzgCAAFJAAV2YWx1ZXhyABBqYXZhLmxhbmcuTnVtYmVyhqyVHQuU4IsCAAB4cAAAACp4',NULL),(42,'rO0ABXNyABFqYXZhLnV0aWwuSGFzaE1hcAUH2sHDFmDRAwACRgAKbG9hZEZhY3RvckkACXRocmVzaG9sZHhwP0AAAAAAAAx3CAAAABAAAAAEdAARYmF0Y2gudGFza2xldFR5cGV0AD1vcmcuc3ByaW5nZnJhbWV3b3JrLmJhdGNoLmNvcmUuc3RlcC5pdGVtLkNodW5rT3JpZW50ZWRUYXNrbGV0dAANYmF0Y2gudmVyc2lvbnQABTUuMS4xdAAOYmF0Y2guc3RlcFR5cGV0ADdvcmcuc3ByaW5nZnJhbWV3b3JrLmJhdGNoLmNvcmUuc3RlcC50YXNrbGV0LlRhc2tsZXRTdGVwdAAXZmFtaWx5UmVhZGVyLnJlYWQuY291bnRzcgARamF2YS5sYW5nLkludGVnZXIS4qCk94GHOAIAAUkABXZhbHVleHIAEGphdmEubGFuZy5OdW1iZXKGrJUdC5TgiwIAAHhwAAAAAXg=',NULL),(43,'rO0ABXNyABFqYXZhLnV0aWwuSGFzaE1hcAUH2sHDFmDRAwACRgAKbG9hZEZhY3RvckkACXRocmVzaG9sZHhwP0AAAAAAAAx3CAAAABAAAAAEdAARYmF0Y2gudGFza2xldFR5cGV0AD1vcmcuc3ByaW5nZnJhbWV3b3JrLmJhdGNoLmNvcmUuc3RlcC5pdGVtLkNodW5rT3JpZW50ZWRUYXNrbGV0dAANYmF0Y2gudmVyc2lvbnQABTUuMS4xdAAOYmF0Y2guc3RlcFR5cGV0ADdvcmcuc3ByaW5nZnJhbWV3b3JrLmJhdGNoLmNvcmUuc3RlcC50YXNrbGV0LlRhc2tsZXRTdGVwdAAXaGVhbHRoUmVhZGVyLnJlYWQuY291bnRzcgARamF2YS5sYW5nLkludGVnZXIS4qCk94GHOAIAAUkABXZhbHVleHIAEGphdmEubGFuZy5OdW1iZXKGrJUdC5TgiwIAAHhwAAAADXg=',NULL),(44,'rO0ABXNyABFqYXZhLnV0aWwuSGFzaE1hcAUH2sHDFmDRAwACRgAKbG9hZEZhY3RvckkACXRocmVzaG9sZHhwP0AAAAAAAAx3CAAAABAAAAAEdAARYmF0Y2gudGFza2xldFR5cGV0AD1vcmcuc3ByaW5nZnJhbWV3b3JrLmJhdGNoLmNvcmUuc3RlcC5pdGVtLkNodW5rT3JpZW50ZWRUYXNrbGV0dAANYmF0Y2gudmVyc2lvbnQABTUuMS4xdAAOYmF0Y2guc3RlcFR5cGV0ADdvcmcuc3ByaW5nZnJhbWV3b3JrLmJhdGNoLmNvcmUuc3RlcC50YXNrbGV0LlRhc2tsZXRTdGVwdAAXZmFtaWx5UmVhZGVyLnJlYWQuY291bnRzcgARamF2YS5sYW5nLkludGVnZXIS4qCk94GHOAIAAUkABXZhbHVleHIAEGphdmEubGFuZy5OdW1iZXKGrJUdC5TgiwIAAHhwAAAAAXg=',NULL),(45,'rO0ABXNyABFqYXZhLnV0aWwuSGFzaE1hcAUH2sHDFmDRAwACRgAKbG9hZEZhY3RvckkACXRocmVzaG9sZHhwP0AAAAAAAAx3CAAAABAAAAAEdAARYmF0Y2gudGFza2xldFR5cGV0AD1vcmcuc3ByaW5nZnJhbWV3b3JrLmJhdGNoLmNvcmUuc3RlcC5pdGVtLkNodW5rT3JpZW50ZWRUYXNrbGV0dAANYmF0Y2gudmVyc2lvbnQABTUuMS4xdAAOYmF0Y2guc3RlcFR5cGV0ADdvcmcuc3ByaW5nZnJhbWV3b3JrLmJhdGNoLmNvcmUuc3RlcC50YXNrbGV0LlRhc2tsZXRTdGVwdAAYdmFjY2luZVJlYWRlci5yZWFkLmNvdW50c3IAEWphdmEubGFuZy5JbnRlZ2VyEuKgpPeBhzgCAAFJAAV2YWx1ZXhyABBqYXZhLmxhbmcuTnVtYmVyhqyVHQuU4IsCAAB4cAAAACp4',NULL),(46,'rO0ABXNyABFqYXZhLnV0aWwuSGFzaE1hcAUH2sHDFmDRAwACRgAKbG9hZEZhY3RvckkACXRocmVzaG9sZHhwP0AAAAAAAAx3CAAAABAAAAAEdAARYmF0Y2gudGFza2xldFR5cGV0AD1vcmcuc3ByaW5nZnJhbWV3b3JrLmJhdGNoLmNvcmUuc3RlcC5pdGVtLkNodW5rT3JpZW50ZWRUYXNrbGV0dAANYmF0Y2gudmVyc2lvbnQABTUuMS4xdAAOYmF0Y2guc3RlcFR5cGV0ADdvcmcuc3ByaW5nZnJhbWV3b3JrLmJhdGNoLmNvcmUuc3RlcC50YXNrbGV0LlRhc2tsZXRTdGVwdAAXZmFtaWx5UmVhZGVyLnJlYWQuY291bnRzcgARamF2YS5sYW5nLkludGVnZXIS4qCk94GHOAIAAUkABXZhbHVleHIAEGphdmEubGFuZy5OdW1iZXKGrJUdC5TgiwIAAHhwAAAAAXg=',NULL),(47,'rO0ABXNyABFqYXZhLnV0aWwuSGFzaE1hcAUH2sHDFmDRAwACRgAKbG9hZEZhY3RvckkACXRocmVzaG9sZHhwP0AAAAAAAAx3CAAAABAAAAAEdAARYmF0Y2gudGFza2xldFR5cGV0AD1vcmcuc3ByaW5nZnJhbWV3b3JrLmJhdGNoLmNvcmUuc3RlcC5pdGVtLkNodW5rT3JpZW50ZWRUYXNrbGV0dAANYmF0Y2gudmVyc2lvbnQABTUuMS4xdAAOYmF0Y2guc3RlcFR5cGV0ADdvcmcuc3ByaW5nZnJhbWV3b3JrLmJhdGNoLmNvcmUuc3RlcC50YXNrbGV0LlRhc2tsZXRTdGVwdAAXaGVhbHRoUmVhZGVyLnJlYWQuY291bnRzcgARamF2YS5sYW5nLkludGVnZXIS4qCk94GHOAIAAUkABXZhbHVleHIAEGphdmEubGFuZy5OdW1iZXKGrJUdC5TgiwIAAHhwAAAADXg=',NULL),(48,'rO0ABXNyABFqYXZhLnV0aWwuSGFzaE1hcAUH2sHDFmDRAwACRgAKbG9hZEZhY3RvckkACXRocmVzaG9sZHhwP0AAAAAAAAx3CAAAABAAAAAEdAARYmF0Y2gudGFza2xldFR5cGV0AD1vcmcuc3ByaW5nZnJhbWV3b3JrLmJhdGNoLmNvcmUuc3RlcC5pdGVtLkNodW5rT3JpZW50ZWRUYXNrbGV0dAANYmF0Y2gudmVyc2lvbnQABTUuMS4xdAAOYmF0Y2guc3RlcFR5cGV0ADdvcmcuc3ByaW5nZnJhbWV3b3JrLmJhdGNoLmNvcmUuc3RlcC50YXNrbGV0LlRhc2tsZXRTdGVwdAAXZmFtaWx5UmVhZGVyLnJlYWQuY291bnRzcgARamF2YS5sYW5nLkludGVnZXIS4qCk94GHOAIAAUkABXZhbHVleHIAEGphdmEubGFuZy5OdW1iZXKGrJUdC5TgiwIAAHhwAAAAAXg=',NULL),(49,'rO0ABXNyABFqYXZhLnV0aWwuSGFzaE1hcAUH2sHDFmDRAwACRgAKbG9hZEZhY3RvckkACXRocmVzaG9sZHhwP0AAAAAAAAx3CAAAABAAAAAEdAARYmF0Y2gudGFza2xldFR5cGV0AD1vcmcuc3ByaW5nZnJhbWV3b3JrLmJhdGNoLmNvcmUuc3RlcC5pdGVtLkNodW5rT3JpZW50ZWRUYXNrbGV0dAANYmF0Y2gudmVyc2lvbnQABTUuMS4xdAAOYmF0Y2guc3RlcFR5cGV0ADdvcmcuc3ByaW5nZnJhbWV3b3JrLmJhdGNoLmNvcmUuc3RlcC50YXNrbGV0LlRhc2tsZXRTdGVwdAAYdmFjY2luZVJlYWRlci5yZWFkLmNvdW50c3IAEWphdmEubGFuZy5JbnRlZ2VyEuKgpPeBhzgCAAFJAAV2YWx1ZXhyABBqYXZhLmxhbmcuTnVtYmVyhqyVHQuU4IsCAAB4cAAAACp4',NULL),(50,'rO0ABXNyABFqYXZhLnV0aWwuSGFzaE1hcAUH2sHDFmDRAwACRgAKbG9hZEZhY3RvckkACXRocmVzaG9sZHhwP0AAAAAAAAx3CAAAABAAAAAEdAARYmF0Y2gudGFza2xldFR5cGV0AD1vcmcuc3ByaW5nZnJhbWV3b3JrLmJhdGNoLmNvcmUuc3RlcC5pdGVtLkNodW5rT3JpZW50ZWRUYXNrbGV0dAANYmF0Y2gudmVyc2lvbnQABTUuMS4xdAAOYmF0Y2guc3RlcFR5cGV0ADdvcmcuc3ByaW5nZnJhbWV3b3JrLmJhdGNoLmNvcmUuc3RlcC50YXNrbGV0LlRhc2tsZXRTdGVwdAAXZmFtaWx5UmVhZGVyLnJlYWQuY291bnRzcgARamF2YS5sYW5nLkludGVnZXIS4qCk94GHOAIAAUkABXZhbHVleHIAEGphdmEubGFuZy5OdW1iZXKGrJUdC5TgiwIAAHhwAAAAAXg=',NULL),(51,'rO0ABXNyABFqYXZhLnV0aWwuSGFzaE1hcAUH2sHDFmDRAwACRgAKbG9hZEZhY3RvckkACXRocmVzaG9sZHhwP0AAAAAAAAx3CAAAABAAAAAEdAARYmF0Y2gudGFza2xldFR5cGV0AD1vcmcuc3ByaW5nZnJhbWV3b3JrLmJhdGNoLmNvcmUuc3RlcC5pdGVtLkNodW5rT3JpZW50ZWRUYXNrbGV0dAANYmF0Y2gudmVyc2lvbnQABTUuMS4xdAAOYmF0Y2guc3RlcFR5cGV0ADdvcmcuc3ByaW5nZnJhbWV3b3JrLmJhdGNoLmNvcmUuc3RlcC50YXNrbGV0LlRhc2tsZXRTdGVwdAAXaGVhbHRoUmVhZGVyLnJlYWQuY291bnRzcgARamF2YS5sYW5nLkludGVnZXIS4qCk94GHOAIAAUkABXZhbHVleHIAEGphdmEubGFuZy5OdW1iZXKGrJUdC5TgiwIAAHhwAAAADXg=',NULL),(52,'rO0ABXNyABFqYXZhLnV0aWwuSGFzaE1hcAUH2sHDFmDRAwACRgAKbG9hZEZhY3RvckkACXRocmVzaG9sZHhwP0AAAAAAAAx3CAAAABAAAAAEdAARYmF0Y2gudGFza2xldFR5cGV0AD1vcmcuc3ByaW5nZnJhbWV3b3JrLmJhdGNoLmNvcmUuc3RlcC5pdGVtLkNodW5rT3JpZW50ZWRUYXNrbGV0dAANYmF0Y2gudmVyc2lvbnQABTUuMS4xdAAOYmF0Y2guc3RlcFR5cGV0ADdvcmcuc3ByaW5nZnJhbWV3b3JrLmJhdGNoLmNvcmUuc3RlcC50YXNrbGV0LlRhc2tsZXRTdGVwdAAXZmFtaWx5UmVhZGVyLnJlYWQuY291bnRzcgARamF2YS5sYW5nLkludGVnZXIS4qCk94GHOAIAAUkABXZhbHVleHIAEGphdmEubGFuZy5OdW1iZXKGrJUdC5TgiwIAAHhwAAAAAXg=',NULL),(53,'rO0ABXNyABFqYXZhLnV0aWwuSGFzaE1hcAUH2sHDFmDRAwACRgAKbG9hZEZhY3RvckkACXRocmVzaG9sZHhwP0AAAAAAAAx3CAAAABAAAAAEdAARYmF0Y2gudGFza2xldFR5cGV0AD1vcmcuc3ByaW5nZnJhbWV3b3JrLmJhdGNoLmNvcmUuc3RlcC5pdGVtLkNodW5rT3JpZW50ZWRUYXNrbGV0dAANYmF0Y2gudmVyc2lvbnQABTUuMS4xdAAOYmF0Y2guc3RlcFR5cGV0ADdvcmcuc3ByaW5nZnJhbWV3b3JrLmJhdGNoLmNvcmUuc3RlcC50YXNrbGV0LlRhc2tsZXRTdGVwdAAYdmFjY2luZVJlYWRlci5yZWFkLmNvdW50c3IAEWphdmEubGFuZy5JbnRlZ2VyEuKgpPeBhzgCAAFJAAV2YWx1ZXhyABBqYXZhLmxhbmcuTnVtYmVyhqyVHQuU4IsCAAB4cAAAACp4',NULL),(54,'rO0ABXNyABFqYXZhLnV0aWwuSGFzaE1hcAUH2sHDFmDRAwACRgAKbG9hZEZhY3RvckkACXRocmVzaG9sZHhwP0AAAAAAAAx3CAAAABAAAAAEdAARYmF0Y2gudGFza2xldFR5cGV0AD1vcmcuc3ByaW5nZnJhbWV3b3JrLmJhdGNoLmNvcmUuc3RlcC5pdGVtLkNodW5rT3JpZW50ZWRUYXNrbGV0dAANYmF0Y2gudmVyc2lvbnQABTUuMS4xdAAOYmF0Y2guc3RlcFR5cGV0ADdvcmcuc3ByaW5nZnJhbWV3b3JrLmJhdGNoLmNvcmUuc3RlcC50YXNrbGV0LlRhc2tsZXRTdGVwdAAXZmFtaWx5UmVhZGVyLnJlYWQuY291bnRzcgARamF2YS5sYW5nLkludGVnZXIS4qCk94GHOAIAAUkABXZhbHVleHIAEGphdmEubGFuZy5OdW1iZXKGrJUdC5TgiwIAAHhwAAAAAXg=',NULL),(55,'rO0ABXNyABFqYXZhLnV0aWwuSGFzaE1hcAUH2sHDFmDRAwACRgAKbG9hZEZhY3RvckkACXRocmVzaG9sZHhwP0AAAAAAAAx3CAAAABAAAAAEdAARYmF0Y2gudGFza2xldFR5cGV0AD1vcmcuc3ByaW5nZnJhbWV3b3JrLmJhdGNoLmNvcmUuc3RlcC5pdGVtLkNodW5rT3JpZW50ZWRUYXNrbGV0dAANYmF0Y2gudmVyc2lvbnQABTUuMS4xdAAOYmF0Y2guc3RlcFR5cGV0ADdvcmcuc3ByaW5nZnJhbWV3b3JrLmJhdGNoLmNvcmUuc3RlcC50YXNrbGV0LlRhc2tsZXRTdGVwdAAXaGVhbHRoUmVhZGVyLnJlYWQuY291bnRzcgARamF2YS5sYW5nLkludGVnZXIS4qCk94GHOAIAAUkABXZhbHVleHIAEGphdmEubGFuZy5OdW1iZXKGrJUdC5TgiwIAAHhwAAAADXg=',NULL),(56,'rO0ABXNyABFqYXZhLnV0aWwuSGFzaE1hcAUH2sHDFmDRAwACRgAKbG9hZEZhY3RvckkACXRocmVzaG9sZHhwP0AAAAAAAAx3CAAAABAAAAAEdAARYmF0Y2gudGFza2xldFR5cGV0AD1vcmcuc3ByaW5nZnJhbWV3b3JrLmJhdGNoLmNvcmUuc3RlcC5pdGVtLkNodW5rT3JpZW50ZWRUYXNrbGV0dAANYmF0Y2gudmVyc2lvbnQABTUuMS4xdAAOYmF0Y2guc3RlcFR5cGV0ADdvcmcuc3ByaW5nZnJhbWV3b3JrLmJhdGNoLmNvcmUuc3RlcC50YXNrbGV0LlRhc2tsZXRTdGVwdAAXZmFtaWx5UmVhZGVyLnJlYWQuY291bnRzcgARamF2YS5sYW5nLkludGVnZXIS4qCk94GHOAIAAUkABXZhbHVleHIAEGphdmEubGFuZy5OdW1iZXKGrJUdC5TgiwIAAHhwAAAAAXg=',NULL),(57,'rO0ABXNyABFqYXZhLnV0aWwuSGFzaE1hcAUH2sHDFmDRAwACRgAKbG9hZEZhY3RvckkACXRocmVzaG9sZHhwP0AAAAAAAAx3CAAAABAAAAAEdAARYmF0Y2gudGFza2xldFR5cGV0AD1vcmcuc3ByaW5nZnJhbWV3b3JrLmJhdGNoLmNvcmUuc3RlcC5pdGVtLkNodW5rT3JpZW50ZWRUYXNrbGV0dAANYmF0Y2gudmVyc2lvbnQABTUuMS4xdAAOYmF0Y2guc3RlcFR5cGV0ADdvcmcuc3ByaW5nZnJhbWV3b3JrLmJhdGNoLmNvcmUuc3RlcC50YXNrbGV0LlRhc2tsZXRTdGVwdAAYdmFjY2luZVJlYWRlci5yZWFkLmNvdW50c3IAEWphdmEubGFuZy5JbnRlZ2VyEuKgpPeBhzgCAAFJAAV2YWx1ZXhyABBqYXZhLmxhbmcuTnVtYmVyhqyVHQuU4IsCAAB4cAAAACp4',NULL),(58,'rO0ABXNyABFqYXZhLnV0aWwuSGFzaE1hcAUH2sHDFmDRAwACRgAKbG9hZEZhY3RvckkACXRocmVzaG9sZHhwP0AAAAAAAAx3CAAAABAAAAAEdAARYmF0Y2gudGFza2xldFR5cGV0AD1vcmcuc3ByaW5nZnJhbWV3b3JrLmJhdGNoLmNvcmUuc3RlcC5pdGVtLkNodW5rT3JpZW50ZWRUYXNrbGV0dAANYmF0Y2gudmVyc2lvbnQABTUuMS4xdAAOYmF0Y2guc3RlcFR5cGV0ADdvcmcuc3ByaW5nZnJhbWV3b3JrLmJhdGNoLmNvcmUuc3RlcC50YXNrbGV0LlRhc2tsZXRTdGVwdAAXZmFtaWx5UmVhZGVyLnJlYWQuY291bnRzcgARamF2YS5sYW5nLkludGVnZXIS4qCk94GHOAIAAUkABXZhbHVleHIAEGphdmEubGFuZy5OdW1iZXKGrJUdC5TgiwIAAHhwAAAAAXg=',NULL),(59,'rO0ABXNyABFqYXZhLnV0aWwuSGFzaE1hcAUH2sHDFmDRAwACRgAKbG9hZEZhY3RvckkACXRocmVzaG9sZHhwP0AAAAAAAAx3CAAAABAAAAAEdAARYmF0Y2gudGFza2xldFR5cGV0AD1vcmcuc3ByaW5nZnJhbWV3b3JrLmJhdGNoLmNvcmUuc3RlcC5pdGVtLkNodW5rT3JpZW50ZWRUYXNrbGV0dAANYmF0Y2gudmVyc2lvbnQABTUuMS4xdAAOYmF0Y2guc3RlcFR5cGV0ADdvcmcuc3ByaW5nZnJhbWV3b3JrLmJhdGNoLmNvcmUuc3RlcC50YXNrbGV0LlRhc2tsZXRTdGVwdAAXZmFtaWx5UmVhZGVyLnJlYWQuY291bnRzcgARamF2YS5sYW5nLkludGVnZXIS4qCk94GHOAIAAUkABXZhbHVleHIAEGphdmEubGFuZy5OdW1iZXKGrJUdC5TgiwIAAHhwAAAAAXg=',NULL),(60,'rO0ABXNyABFqYXZhLnV0aWwuSGFzaE1hcAUH2sHDFmDRAwACRgAKbG9hZEZhY3RvckkACXRocmVzaG9sZHhwP0AAAAAAAAx3CAAAABAAAAAEdAARYmF0Y2gudGFza2xldFR5cGV0AD1vcmcuc3ByaW5nZnJhbWV3b3JrLmJhdGNoLmNvcmUuc3RlcC5pdGVtLkNodW5rT3JpZW50ZWRUYXNrbGV0dAANYmF0Y2gudmVyc2lvbnQABTUuMS4xdAAOYmF0Y2guc3RlcFR5cGV0ADdvcmcuc3ByaW5nZnJhbWV3b3JrLmJhdGNoLmNvcmUuc3RlcC50YXNrbGV0LlRhc2tsZXRTdGVwdAAXaGVhbHRoUmVhZGVyLnJlYWQuY291bnRzcgARamF2YS5sYW5nLkludGVnZXIS4qCk94GHOAIAAUkABXZhbHVleHIAEGphdmEubGFuZy5OdW1iZXKGrJUdC5TgiwIAAHhwAAAADXg=',NULL),(61,'rO0ABXNyABFqYXZhLnV0aWwuSGFzaE1hcAUH2sHDFmDRAwACRgAKbG9hZEZhY3RvckkACXRocmVzaG9sZHhwP0AAAAAAAAx3CAAAABAAAAAEdAARYmF0Y2gudGFza2xldFR5cGV0AD1vcmcuc3ByaW5nZnJhbWV3b3JrLmJhdGNoLmNvcmUuc3RlcC5pdGVtLkNodW5rT3JpZW50ZWRUYXNrbGV0dAANYmF0Y2gudmVyc2lvbnQABTUuMS4xdAAOYmF0Y2guc3RlcFR5cGV0ADdvcmcuc3ByaW5nZnJhbWV3b3JrLmJhdGNoLmNvcmUuc3RlcC50YXNrbGV0LlRhc2tsZXRTdGVwdAAXZmFtaWx5UmVhZGVyLnJlYWQuY291bnRzcgARamF2YS5sYW5nLkludGVnZXIS4qCk94GHOAIAAUkABXZhbHVleHIAEGphdmEubGFuZy5OdW1iZXKGrJUdC5TgiwIAAHhwAAAAAXg=',NULL),(62,'rO0ABXNyABFqYXZhLnV0aWwuSGFzaE1hcAUH2sHDFmDRAwACRgAKbG9hZEZhY3RvckkACXRocmVzaG9sZHhwP0AAAAAAAAx3CAAAABAAAAAEdAARYmF0Y2gudGFza2xldFR5cGV0AD1vcmcuc3ByaW5nZnJhbWV3b3JrLmJhdGNoLmNvcmUuc3RlcC5pdGVtLkNodW5rT3JpZW50ZWRUYXNrbGV0dAANYmF0Y2gudmVyc2lvbnQABTUuMS4xdAAOYmF0Y2guc3RlcFR5cGV0ADdvcmcuc3ByaW5nZnJhbWV3b3JrLmJhdGNoLmNvcmUuc3RlcC50YXNrbGV0LlRhc2tsZXRTdGVwdAAYdmFjY2luZVJlYWRlci5yZWFkLmNvdW50c3IAEWphdmEubGFuZy5JbnRlZ2VyEuKgpPeBhzgCAAFJAAV2YWx1ZXhyABBqYXZhLmxhbmcuTnVtYmVyhqyVHQuU4IsCAAB4cAAAACp4',NULL),(63,'rO0ABXNyABFqYXZhLnV0aWwuSGFzaE1hcAUH2sHDFmDRAwACRgAKbG9hZEZhY3RvckkACXRocmVzaG9sZHhwP0AAAAAAAAx3CAAAABAAAAAEdAARYmF0Y2gudGFza2xldFR5cGV0AD1vcmcuc3ByaW5nZnJhbWV3b3JrLmJhdGNoLmNvcmUuc3RlcC5pdGVtLkNodW5rT3JpZW50ZWRUYXNrbGV0dAANYmF0Y2gudmVyc2lvbnQABTUuMS4xdAAOYmF0Y2guc3RlcFR5cGV0ADdvcmcuc3ByaW5nZnJhbWV3b3JrLmJhdGNoLmNvcmUuc3RlcC50YXNrbGV0LlRhc2tsZXRTdGVwdAAXZmFtaWx5UmVhZGVyLnJlYWQuY291bnRzcgARamF2YS5sYW5nLkludGVnZXIS4qCk94GHOAIAAUkABXZhbHVleHIAEGphdmEubGFuZy5OdW1iZXKGrJUdC5TgiwIAAHhwAAAAAXg=',NULL),(64,'rO0ABXNyABFqYXZhLnV0aWwuSGFzaE1hcAUH2sHDFmDRAwACRgAKbG9hZEZhY3RvckkACXRocmVzaG9sZHhwP0AAAAAAAAx3CAAAABAAAAAEdAARYmF0Y2gudGFza2xldFR5cGV0AD1vcmcuc3ByaW5nZnJhbWV3b3JrLmJhdGNoLmNvcmUuc3RlcC5pdGVtLkNodW5rT3JpZW50ZWRUYXNrbGV0dAANYmF0Y2gudmVyc2lvbnQABTUuMS4xdAAOYmF0Y2guc3RlcFR5cGV0ADdvcmcuc3ByaW5nZnJhbWV3b3JrLmJhdGNoLmNvcmUuc3RlcC50YXNrbGV0LlRhc2tsZXRTdGVwdAAXaGVhbHRoUmVhZGVyLnJlYWQuY291bnRzcgARamF2YS5sYW5nLkludGVnZXIS4qCk94GHOAIAAUkABXZhbHVleHIAEGphdmEubGFuZy5OdW1iZXKGrJUdC5TgiwIAAHhwAAAADXg=',NULL),(65,'rO0ABXNyABFqYXZhLnV0aWwuSGFzaE1hcAUH2sHDFmDRAwACRgAKbG9hZEZhY3RvckkACXRocmVzaG9sZHhwP0AAAAAAAAx3CAAAABAAAAAEdAARYmF0Y2gudGFza2xldFR5cGV0AD1vcmcuc3ByaW5nZnJhbWV3b3JrLmJhdGNoLmNvcmUuc3RlcC5pdGVtLkNodW5rT3JpZW50ZWRUYXNrbGV0dAANYmF0Y2gudmVyc2lvbnQABTUuMS4xdAAOYmF0Y2guc3RlcFR5cGV0ADdvcmcuc3ByaW5nZnJhbWV3b3JrLmJhdGNoLmNvcmUuc3RlcC50YXNrbGV0LlRhc2tsZXRTdGVwdAAXZmFtaWx5UmVhZGVyLnJlYWQuY291bnRzcgARamF2YS5sYW5nLkludGVnZXIS4qCk94GHOAIAAUkABXZhbHVleHIAEGphdmEubGFuZy5OdW1iZXKGrJUdC5TgiwIAAHhwAAAAAXg=',NULL),(66,'rO0ABXNyABFqYXZhLnV0aWwuSGFzaE1hcAUH2sHDFmDRAwACRgAKbG9hZEZhY3RvckkACXRocmVzaG9sZHhwP0AAAAAAAAx3CAAAABAAAAAEdAARYmF0Y2gudGFza2xldFR5cGV0AD1vcmcuc3ByaW5nZnJhbWV3b3JrLmJhdGNoLmNvcmUuc3RlcC5pdGVtLkNodW5rT3JpZW50ZWRUYXNrbGV0dAANYmF0Y2gudmVyc2lvbnQABTUuMS4xdAAOYmF0Y2guc3RlcFR5cGV0ADdvcmcuc3ByaW5nZnJhbWV3b3JrLmJhdGNoLmNvcmUuc3RlcC50YXNrbGV0LlRhc2tsZXRTdGVwdAAYdmFjY2luZVJlYWRlci5yZWFkLmNvdW50c3IAEWphdmEubGFuZy5JbnRlZ2VyEuKgpPeBhzgCAAFJAAV2YWx1ZXhyABBqYXZhLmxhbmcuTnVtYmVyhqyVHQuU4IsCAAB4cAAAACp4',NULL),(67,'rO0ABXNyABFqYXZhLnV0aWwuSGFzaE1hcAUH2sHDFmDRAwACRgAKbG9hZEZhY3RvckkACXRocmVzaG9sZHhwP0AAAAAAAAx3CAAAABAAAAAEdAARYmF0Y2gudGFza2xldFR5cGV0AD1vcmcuc3ByaW5nZnJhbWV3b3JrLmJhdGNoLmNvcmUuc3RlcC5pdGVtLkNodW5rT3JpZW50ZWRUYXNrbGV0dAANYmF0Y2gudmVyc2lvbnQABTUuMS4xdAAOYmF0Y2guc3RlcFR5cGV0ADdvcmcuc3ByaW5nZnJhbWV3b3JrLmJhdGNoLmNvcmUuc3RlcC50YXNrbGV0LlRhc2tsZXRTdGVwdAAXZmFtaWx5UmVhZGVyLnJlYWQuY291bnRzcgARamF2YS5sYW5nLkludGVnZXIS4qCk94GHOAIAAUkABXZhbHVleHIAEGphdmEubGFuZy5OdW1iZXKGrJUdC5TgiwIAAHhwAAAAAXg=',NULL),(68,'rO0ABXNyABFqYXZhLnV0aWwuSGFzaE1hcAUH2sHDFmDRAwACRgAKbG9hZEZhY3RvckkACXRocmVzaG9sZHhwP0AAAAAAAAx3CAAAABAAAAAEdAARYmF0Y2gudGFza2xldFR5cGV0AD1vcmcuc3ByaW5nZnJhbWV3b3JrLmJhdGNoLmNvcmUuc3RlcC5pdGVtLkNodW5rT3JpZW50ZWRUYXNrbGV0dAANYmF0Y2gudmVyc2lvbnQABTUuMS4xdAAOYmF0Y2guc3RlcFR5cGV0ADdvcmcuc3ByaW5nZnJhbWV3b3JrLmJhdGNoLmNvcmUuc3RlcC50YXNrbGV0LlRhc2tsZXRTdGVwdAAXZmFtaWx5UmVhZGVyLnJlYWQuY291bnRzcgARamF2YS5sYW5nLkludGVnZXIS4qCk94GHOAIAAUkABXZhbHVleHIAEGphdmEubGFuZy5OdW1iZXKGrJUdC5TgiwIAAHhwAAAAAXg=',NULL),(69,'rO0ABXNyABFqYXZhLnV0aWwuSGFzaE1hcAUH2sHDFmDRAwACRgAKbG9hZEZhY3RvckkACXRocmVzaG9sZHhwP0AAAAAAAAx3CAAAABAAAAAEdAARYmF0Y2gudGFza2xldFR5cGV0AD1vcmcuc3ByaW5nZnJhbWV3b3JrLmJhdGNoLmNvcmUuc3RlcC5pdGVtLkNodW5rT3JpZW50ZWRUYXNrbGV0dAANYmF0Y2gudmVyc2lvbnQABTUuMS4xdAAOYmF0Y2guc3RlcFR5cGV0ADdvcmcuc3ByaW5nZnJhbWV3b3JrLmJhdGNoLmNvcmUuc3RlcC50YXNrbGV0LlRhc2tsZXRTdGVwdAAXaGVhbHRoUmVhZGVyLnJlYWQuY291bnRzcgARamF2YS5sYW5nLkludGVnZXIS4qCk94GHOAIAAUkABXZhbHVleHIAEGphdmEubGFuZy5OdW1iZXKGrJUdC5TgiwIAAHhwAAAADXg=',NULL),(70,'rO0ABXNyABFqYXZhLnV0aWwuSGFzaE1hcAUH2sHDFmDRAwACRgAKbG9hZEZhY3RvckkACXRocmVzaG9sZHhwP0AAAAAAAAx3CAAAABAAAAAEdAARYmF0Y2gudGFza2xldFR5cGV0AD1vcmcuc3ByaW5nZnJhbWV3b3JrLmJhdGNoLmNvcmUuc3RlcC5pdGVtLkNodW5rT3JpZW50ZWRUYXNrbGV0dAANYmF0Y2gudmVyc2lvbnQABTUuMS4xdAAOYmF0Y2guc3RlcFR5cGV0ADdvcmcuc3ByaW5nZnJhbWV3b3JrLmJhdGNoLmNvcmUuc3RlcC50YXNrbGV0LlRhc2tsZXRTdGVwdAAXZmFtaWx5UmVhZGVyLnJlYWQuY291bnRzcgARamF2YS5sYW5nLkludGVnZXIS4qCk94GHOAIAAUkABXZhbHVleHIAEGphdmEubGFuZy5OdW1iZXKGrJUdC5TgiwIAAHhwAAAAAXg=',NULL),(71,'rO0ABXNyABFqYXZhLnV0aWwuSGFzaE1hcAUH2sHDFmDRAwACRgAKbG9hZEZhY3RvckkACXRocmVzaG9sZHhwP0AAAAAAAAx3CAAAABAAAAAEdAARYmF0Y2gudGFza2xldFR5cGV0AD1vcmcuc3ByaW5nZnJhbWV3b3JrLmJhdGNoLmNvcmUuc3RlcC5pdGVtLkNodW5rT3JpZW50ZWRUYXNrbGV0dAANYmF0Y2gudmVyc2lvbnQABTUuMS4xdAAOYmF0Y2guc3RlcFR5cGV0ADdvcmcuc3ByaW5nZnJhbWV3b3JrLmJhdGNoLmNvcmUuc3RlcC50YXNrbGV0LlRhc2tsZXRTdGVwdAAYdmFjY2luZVJlYWRlci5yZWFkLmNvdW50c3IAEWphdmEubGFuZy5JbnRlZ2VyEuKgpPeBhzgCAAFJAAV2YWx1ZXhyABBqYXZhLmxhbmcuTnVtYmVyhqyVHQuU4IsCAAB4cAAAACp4',NULL),(72,'rO0ABXNyABFqYXZhLnV0aWwuSGFzaE1hcAUH2sHDFmDRAwACRgAKbG9hZEZhY3RvckkACXRocmVzaG9sZHhwP0AAAAAAAAx3CAAAABAAAAAEdAARYmF0Y2gudGFza2xldFR5cGV0AD1vcmcuc3ByaW5nZnJhbWV3b3JrLmJhdGNoLmNvcmUuc3RlcC5pdGVtLkNodW5rT3JpZW50ZWRUYXNrbGV0dAANYmF0Y2gudmVyc2lvbnQABTUuMS4xdAAOYmF0Y2guc3RlcFR5cGV0ADdvcmcuc3ByaW5nZnJhbWV3b3JrLmJhdGNoLmNvcmUuc3RlcC50YXNrbGV0LlRhc2tsZXRTdGVwdAAXZmFtaWx5UmVhZGVyLnJlYWQuY291bnRzcgARamF2YS5sYW5nLkludGVnZXIS4qCk94GHOAIAAUkABXZhbHVleHIAEGphdmEubGFuZy5OdW1iZXKGrJUdC5TgiwIAAHhwAAAAAXg=',NULL),(73,'rO0ABXNyABFqYXZhLnV0aWwuSGFzaE1hcAUH2sHDFmDRAwACRgAKbG9hZEZhY3RvckkACXRocmVzaG9sZHhwP0AAAAAAAAx3CAAAABAAAAAEdAARYmF0Y2gudGFza2xldFR5cGV0AD1vcmcuc3ByaW5nZnJhbWV3b3JrLmJhdGNoLmNvcmUuc3RlcC5pdGVtLkNodW5rT3JpZW50ZWRUYXNrbGV0dAANYmF0Y2gudmVyc2lvbnQABTUuMS4xdAAOYmF0Y2guc3RlcFR5cGV0ADdvcmcuc3ByaW5nZnJhbWV3b3JrLmJhdGNoLmNvcmUuc3RlcC50YXNrbGV0LlRhc2tsZXRTdGVwdAAXaGVhbHRoUmVhZGVyLnJlYWQuY291bnRzcgARamF2YS5sYW5nLkludGVnZXIS4qCk94GHOAIAAUkABXZhbHVleHIAEGphdmEubGFuZy5OdW1iZXKGrJUdC5TgiwIAAHhwAAAADXg=',NULL),(74,'rO0ABXNyABFqYXZhLnV0aWwuSGFzaE1hcAUH2sHDFmDRAwACRgAKbG9hZEZhY3RvckkACXRocmVzaG9sZHhwP0AAAAAAAAx3CAAAABAAAAAEdAARYmF0Y2gudGFza2xldFR5cGV0AD1vcmcuc3ByaW5nZnJhbWV3b3JrLmJhdGNoLmNvcmUuc3RlcC5pdGVtLkNodW5rT3JpZW50ZWRUYXNrbGV0dAANYmF0Y2gudmVyc2lvbnQABTUuMS4xdAAOYmF0Y2guc3RlcFR5cGV0ADdvcmcuc3ByaW5nZnJhbWV3b3JrLmJhdGNoLmNvcmUuc3RlcC50YXNrbGV0LlRhc2tsZXRTdGVwdAAXZmFtaWx5UmVhZGVyLnJlYWQuY291bnRzcgARamF2YS5sYW5nLkludGVnZXIS4qCk94GHOAIAAUkABXZhbHVleHIAEGphdmEubGFuZy5OdW1iZXKGrJUdC5TgiwIAAHhwAAAAAXg=',NULL),(75,'rO0ABXNyABFqYXZhLnV0aWwuSGFzaE1hcAUH2sHDFmDRAwACRgAKbG9hZEZhY3RvckkACXRocmVzaG9sZHhwP0AAAAAAAAx3CAAAABAAAAAEdAARYmF0Y2gudGFza2xldFR5cGV0AD1vcmcuc3ByaW5nZnJhbWV3b3JrLmJhdGNoLmNvcmUuc3RlcC5pdGVtLkNodW5rT3JpZW50ZWRUYXNrbGV0dAANYmF0Y2gudmVyc2lvbnQABTUuMS4xdAAOYmF0Y2guc3RlcFR5cGV0ADdvcmcuc3ByaW5nZnJhbWV3b3JrLmJhdGNoLmNvcmUuc3RlcC50YXNrbGV0LlRhc2tsZXRTdGVwdAAYdmFjY2luZVJlYWRlci5yZWFkLmNvdW50c3IAEWphdmEubGFuZy5JbnRlZ2VyEuKgpPeBhzgCAAFJAAV2YWx1ZXhyABBqYXZhLmxhbmcuTnVtYmVyhqyVHQuU4IsCAAB4cAAAACp4',NULL),(76,'rO0ABXNyABFqYXZhLnV0aWwuSGFzaE1hcAUH2sHDFmDRAwACRgAKbG9hZEZhY3RvckkACXRocmVzaG9sZHhwP0AAAAAAAAx3CAAAABAAAAAEdAARYmF0Y2gudGFza2xldFR5cGV0AD1vcmcuc3ByaW5nZnJhbWV3b3JrLmJhdGNoLmNvcmUuc3RlcC5pdGVtLkNodW5rT3JpZW50ZWRUYXNrbGV0dAANYmF0Y2gudmVyc2lvbnQABTUuMS4xdAAOYmF0Y2guc3RlcFR5cGV0ADdvcmcuc3ByaW5nZnJhbWV3b3JrLmJhdGNoLmNvcmUuc3RlcC50YXNrbGV0LlRhc2tsZXRTdGVwdAAXZmFtaWx5UmVhZGVyLnJlYWQuY291bnRzcgARamF2YS5sYW5nLkludGVnZXIS4qCk94GHOAIAAUkABXZhbHVleHIAEGphdmEubGFuZy5OdW1iZXKGrJUdC5TgiwIAAHhwAAAAAXg=',NULL),(77,'rO0ABXNyABFqYXZhLnV0aWwuSGFzaE1hcAUH2sHDFmDRAwACRgAKbG9hZEZhY3RvckkACXRocmVzaG9sZHhwP0AAAAAAAAx3CAAAABAAAAAEdAARYmF0Y2gudGFza2xldFR5cGV0AD1vcmcuc3ByaW5nZnJhbWV3b3JrLmJhdGNoLmNvcmUuc3RlcC5pdGVtLkNodW5rT3JpZW50ZWRUYXNrbGV0dAANYmF0Y2gudmVyc2lvbnQABTUuMS4xdAAOYmF0Y2guc3RlcFR5cGV0ADdvcmcuc3ByaW5nZnJhbWV3b3JrLmJhdGNoLmNvcmUuc3RlcC50YXNrbGV0LlRhc2tsZXRTdGVwdAAXaGVhbHRoUmVhZGVyLnJlYWQuY291bnRzcgARamF2YS5sYW5nLkludGVnZXIS4qCk94GHOAIAAUkABXZhbHVleHIAEGphdmEubGFuZy5OdW1iZXKGrJUdC5TgiwIAAHhwAAAADXg=',NULL),(78,'rO0ABXNyABFqYXZhLnV0aWwuSGFzaE1hcAUH2sHDFmDRAwACRgAKbG9hZEZhY3RvckkACXRocmVzaG9sZHhwP0AAAAAAAAx3CAAAABAAAAAEdAARYmF0Y2gudGFza2xldFR5cGV0AD1vcmcuc3ByaW5nZnJhbWV3b3JrLmJhdGNoLmNvcmUuc3RlcC5pdGVtLkNodW5rT3JpZW50ZWRUYXNrbGV0dAANYmF0Y2gudmVyc2lvbnQABTUuMS4xdAAOYmF0Y2guc3RlcFR5cGV0ADdvcmcuc3ByaW5nZnJhbWV3b3JrLmJhdGNoLmNvcmUuc3RlcC50YXNrbGV0LlRhc2tsZXRTdGVwdAAXZmFtaWx5UmVhZGVyLnJlYWQuY291bnRzcgARamF2YS5sYW5nLkludGVnZXIS4qCk94GHOAIAAUkABXZhbHVleHIAEGphdmEubGFuZy5OdW1iZXKGrJUdC5TgiwIAAHhwAAAAAXg=',NULL),(79,'rO0ABXNyABFqYXZhLnV0aWwuSGFzaE1hcAUH2sHDFmDRAwACRgAKbG9hZEZhY3RvckkACXRocmVzaG9sZHhwP0AAAAAAAAx3CAAAABAAAAAEdAARYmF0Y2gudGFza2xldFR5cGV0AD1vcmcuc3ByaW5nZnJhbWV3b3JrLmJhdGNoLmNvcmUuc3RlcC5pdGVtLkNodW5rT3JpZW50ZWRUYXNrbGV0dAANYmF0Y2gudmVyc2lvbnQABTUuMS4xdAAOYmF0Y2guc3RlcFR5cGV0ADdvcmcuc3ByaW5nZnJhbWV3b3JrLmJhdGNoLmNvcmUuc3RlcC50YXNrbGV0LlRhc2tsZXRTdGVwdAAYdmFjY2luZVJlYWRlci5yZWFkLmNvdW50c3IAEWphdmEubGFuZy5JbnRlZ2VyEuKgpPeBhzgCAAFJAAV2YWx1ZXhyABBqYXZhLmxhbmcuTnVtYmVyhqyVHQuU4IsCAAB4cAAAACp4',NULL),(80,'rO0ABXNyABFqYXZhLnV0aWwuSGFzaE1hcAUH2sHDFmDRAwACRgAKbG9hZEZhY3RvckkACXRocmVzaG9sZHhwP0AAAAAAAAx3CAAAABAAAAAEdAARYmF0Y2gudGFza2xldFR5cGV0AD1vcmcuc3ByaW5nZnJhbWV3b3JrLmJhdGNoLmNvcmUuc3RlcC5pdGVtLkNodW5rT3JpZW50ZWRUYXNrbGV0dAANYmF0Y2gudmVyc2lvbnQABTUuMS4xdAAOYmF0Y2guc3RlcFR5cGV0ADdvcmcuc3ByaW5nZnJhbWV3b3JrLmJhdGNoLmNvcmUuc3RlcC50YXNrbGV0LlRhc2tsZXRTdGVwdAAXZmFtaWx5UmVhZGVyLnJlYWQuY291bnRzcgARamF2YS5sYW5nLkludGVnZXIS4qCk94GHOAIAAUkABXZhbHVleHIAEGphdmEubGFuZy5OdW1iZXKGrJUdC5TgiwIAAHhwAAAAAXg=',NULL),(81,'rO0ABXNyABFqYXZhLnV0aWwuSGFzaE1hcAUH2sHDFmDRAwACRgAKbG9hZEZhY3RvckkACXRocmVzaG9sZHhwP0AAAAAAAAx3CAAAABAAAAAEdAARYmF0Y2gudGFza2xldFR5cGV0AD1vcmcuc3ByaW5nZnJhbWV3b3JrLmJhdGNoLmNvcmUuc3RlcC5pdGVtLkNodW5rT3JpZW50ZWRUYXNrbGV0dAANYmF0Y2gudmVyc2lvbnQABTUuMS4xdAAOYmF0Y2guc3RlcFR5cGV0ADdvcmcuc3ByaW5nZnJhbWV3b3JrLmJhdGNoLmNvcmUuc3RlcC50YXNrbGV0LlRhc2tsZXRTdGVwdAAXaGVhbHRoUmVhZGVyLnJlYWQuY291bnRzcgARamF2YS5sYW5nLkludGVnZXIS4qCk94GHOAIAAUkABXZhbHVleHIAEGphdmEubGFuZy5OdW1iZXKGrJUdC5TgiwIAAHhwAAAADXg=',NULL),(82,'rO0ABXNyABFqYXZhLnV0aWwuSGFzaE1hcAUH2sHDFmDRAwACRgAKbG9hZEZhY3RvckkACXRocmVzaG9sZHhwP0AAAAAAAAx3CAAAABAAAAAEdAARYmF0Y2gudGFza2xldFR5cGV0AD1vcmcuc3ByaW5nZnJhbWV3b3JrLmJhdGNoLmNvcmUuc3RlcC5pdGVtLkNodW5rT3JpZW50ZWRUYXNrbGV0dAANYmF0Y2gudmVyc2lvbnQABTUuMS4xdAAOYmF0Y2guc3RlcFR5cGV0ADdvcmcuc3ByaW5nZnJhbWV3b3JrLmJhdGNoLmNvcmUuc3RlcC50YXNrbGV0LlRhc2tsZXRTdGVwdAAXZmFtaWx5UmVhZGVyLnJlYWQuY291bnRzcgARamF2YS5sYW5nLkludGVnZXIS4qCk94GHOAIAAUkABXZhbHVleHIAEGphdmEubGFuZy5OdW1iZXKGrJUdC5TgiwIAAHhwAAAAAXg=',NULL),(83,'rO0ABXNyABFqYXZhLnV0aWwuSGFzaE1hcAUH2sHDFmDRAwACRgAKbG9hZEZhY3RvckkACXRocmVzaG9sZHhwP0AAAAAAAAx3CAAAABAAAAAEdAARYmF0Y2gudGFza2xldFR5cGV0AD1vcmcuc3ByaW5nZnJhbWV3b3JrLmJhdGNoLmNvcmUuc3RlcC5pdGVtLkNodW5rT3JpZW50ZWRUYXNrbGV0dAANYmF0Y2gudmVyc2lvbnQABTUuMS4xdAAOYmF0Y2guc3RlcFR5cGV0ADdvcmcuc3ByaW5nZnJhbWV3b3JrLmJhdGNoLmNvcmUuc3RlcC50YXNrbGV0LlRhc2tsZXRTdGVwdAAYdmFjY2luZVJlYWRlci5yZWFkLmNvdW50c3IAEWphdmEubGFuZy5JbnRlZ2VyEuKgpPeBhzgCAAFJAAV2YWx1ZXhyABBqYXZhLmxhbmcuTnVtYmVyhqyVHQuU4IsCAAB4cAAAACp4',NULL),(84,'rO0ABXNyABFqYXZhLnV0aWwuSGFzaE1hcAUH2sHDFmDRAwACRgAKbG9hZEZhY3RvckkACXRocmVzaG9sZHhwP0AAAAAAAAx3CAAAABAAAAAEdAARYmF0Y2gudGFza2xldFR5cGV0AD1vcmcuc3ByaW5nZnJhbWV3b3JrLmJhdGNoLmNvcmUuc3RlcC5pdGVtLkNodW5rT3JpZW50ZWRUYXNrbGV0dAANYmF0Y2gudmVyc2lvbnQABTUuMS4xdAAOYmF0Y2guc3RlcFR5cGV0ADdvcmcuc3ByaW5nZnJhbWV3b3JrLmJhdGNoLmNvcmUuc3RlcC50YXNrbGV0LlRhc2tsZXRTdGVwdAAXZmFtaWx5UmVhZGVyLnJlYWQuY291bnRzcgARamF2YS5sYW5nLkludGVnZXIS4qCk94GHOAIAAUkABXZhbHVleHIAEGphdmEubGFuZy5OdW1iZXKGrJUdC5TgiwIAAHhwAAAAAXg=',NULL),(85,'rO0ABXNyABFqYXZhLnV0aWwuSGFzaE1hcAUH2sHDFmDRAwACRgAKbG9hZEZhY3RvckkACXRocmVzaG9sZHhwP0AAAAAAAAx3CAAAABAAAAAEdAARYmF0Y2gudGFza2xldFR5cGV0AD1vcmcuc3ByaW5nZnJhbWV3b3JrLmJhdGNoLmNvcmUuc3RlcC5pdGVtLkNodW5rT3JpZW50ZWRUYXNrbGV0dAANYmF0Y2gudmVyc2lvbnQABTUuMS4xdAAOYmF0Y2guc3RlcFR5cGV0ADdvcmcuc3ByaW5nZnJhbWV3b3JrLmJhdGNoLmNvcmUuc3RlcC50YXNrbGV0LlRhc2tsZXRTdGVwdAAXZmFtaWx5UmVhZGVyLnJlYWQuY291bnRzcgARamF2YS5sYW5nLkludGVnZXIS4qCk94GHOAIAAUkABXZhbHVleHIAEGphdmEubGFuZy5OdW1iZXKGrJUdC5TgiwIAAHhwAAAAAXg=',NULL),(86,'rO0ABXNyABFqYXZhLnV0aWwuSGFzaE1hcAUH2sHDFmDRAwACRgAKbG9hZEZhY3RvckkACXRocmVzaG9sZHhwP0AAAAAAAAx3CAAAABAAAAAEdAARYmF0Y2gudGFza2xldFR5cGV0AD1vcmcuc3ByaW5nZnJhbWV3b3JrLmJhdGNoLmNvcmUuc3RlcC5pdGVtLkNodW5rT3JpZW50ZWRUYXNrbGV0dAANYmF0Y2gudmVyc2lvbnQABTUuMS4xdAAOYmF0Y2guc3RlcFR5cGV0ADdvcmcuc3ByaW5nZnJhbWV3b3JrLmJhdGNoLmNvcmUuc3RlcC50YXNrbGV0LlRhc2tsZXRTdGVwdAAXaGVhbHRoUmVhZGVyLnJlYWQuY291bnRzcgARamF2YS5sYW5nLkludGVnZXIS4qCk94GHOAIAAUkABXZhbHVleHIAEGphdmEubGFuZy5OdW1iZXKGrJUdC5TgiwIAAHhwAAAADXg=',NULL),(87,'rO0ABXNyABFqYXZhLnV0aWwuSGFzaE1hcAUH2sHDFmDRAwACRgAKbG9hZEZhY3RvckkACXRocmVzaG9sZHhwP0AAAAAAAAx3CAAAABAAAAAEdAARYmF0Y2gudGFza2xldFR5cGV0AD1vcmcuc3ByaW5nZnJhbWV3b3JrLmJhdGNoLmNvcmUuc3RlcC5pdGVtLkNodW5rT3JpZW50ZWRUYXNrbGV0dAANYmF0Y2gudmVyc2lvbnQABTUuMS4xdAAOYmF0Y2guc3RlcFR5cGV0ADdvcmcuc3ByaW5nZnJhbWV3b3JrLmJhdGNoLmNvcmUuc3RlcC50YXNrbGV0LlRhc2tsZXRTdGVwdAAXZmFtaWx5UmVhZGVyLnJlYWQuY291bnRzcgARamF2YS5sYW5nLkludGVnZXIS4qCk94GHOAIAAUkABXZhbHVleHIAEGphdmEubGFuZy5OdW1iZXKGrJUdC5TgiwIAAHhwAAAAAXg=',NULL),(88,'rO0ABXNyABFqYXZhLnV0aWwuSGFzaE1hcAUH2sHDFmDRAwACRgAKbG9hZEZhY3RvckkACXRocmVzaG9sZHhwP0AAAAAAAAx3CAAAABAAAAAEdAARYmF0Y2gudGFza2xldFR5cGV0AD1vcmcuc3ByaW5nZnJhbWV3b3JrLmJhdGNoLmNvcmUuc3RlcC5pdGVtLkNodW5rT3JpZW50ZWRUYXNrbGV0dAANYmF0Y2gudmVyc2lvbnQABTUuMS4xdAAOYmF0Y2guc3RlcFR5cGV0ADdvcmcuc3ByaW5nZnJhbWV3b3JrLmJhdGNoLmNvcmUuc3RlcC50YXNrbGV0LlRhc2tsZXRTdGVwdAAYdmFjY2luZVJlYWRlci5yZWFkLmNvdW50c3IAEWphdmEubGFuZy5JbnRlZ2VyEuKgpPeBhzgCAAFJAAV2YWx1ZXhyABBqYXZhLmxhbmcuTnVtYmVyhqyVHQuU4IsCAAB4cAAAACp4',NULL),(89,'rO0ABXNyABFqYXZhLnV0aWwuSGFzaE1hcAUH2sHDFmDRAwACRgAKbG9hZEZhY3RvckkACXRocmVzaG9sZHhwP0AAAAAAAAx3CAAAABAAAAAEdAARYmF0Y2gudGFza2xldFR5cGV0AD1vcmcuc3ByaW5nZnJhbWV3b3JrLmJhdGNoLmNvcmUuc3RlcC5pdGVtLkNodW5rT3JpZW50ZWRUYXNrbGV0dAANYmF0Y2gudmVyc2lvbnQABTUuMS4xdAAOYmF0Y2guc3RlcFR5cGV0ADdvcmcuc3ByaW5nZnJhbWV3b3JrLmJhdGNoLmNvcmUuc3RlcC50YXNrbGV0LlRhc2tsZXRTdGVwdAAXZmFtaWx5UmVhZGVyLnJlYWQuY291bnRzcgARamF2YS5sYW5nLkludGVnZXIS4qCk94GHOAIAAUkABXZhbHVleHIAEGphdmEubGFuZy5OdW1iZXKGrJUdC5TgiwIAAHhwAAAAAXg=',NULL),(90,'rO0ABXNyABFqYXZhLnV0aWwuSGFzaE1hcAUH2sHDFmDRAwACRgAKbG9hZEZhY3RvckkACXRocmVzaG9sZHhwP0AAAAAAAAx3CAAAABAAAAAEdAARYmF0Y2gudGFza2xldFR5cGV0AD1vcmcuc3ByaW5nZnJhbWV3b3JrLmJhdGNoLmNvcmUuc3RlcC5pdGVtLkNodW5rT3JpZW50ZWRUYXNrbGV0dAANYmF0Y2gudmVyc2lvbnQABTUuMS4xdAAOYmF0Y2guc3RlcFR5cGV0ADdvcmcuc3ByaW5nZnJhbWV3b3JrLmJhdGNoLmNvcmUuc3RlcC50YXNrbGV0LlRhc2tsZXRTdGVwdAAXZmFtaWx5UmVhZGVyLnJlYWQuY291bnRzcgARamF2YS5sYW5nLkludGVnZXIS4qCk94GHOAIAAUkABXZhbHVleHIAEGphdmEubGFuZy5OdW1iZXKGrJUdC5TgiwIAAHhwAAAAAXg=',NULL),(91,'rO0ABXNyABFqYXZhLnV0aWwuSGFzaE1hcAUH2sHDFmDRAwACRgAKbG9hZEZhY3RvckkACXRocmVzaG9sZHhwP0AAAAAAAAx3CAAAABAAAAAEdAARYmF0Y2gudGFza2xldFR5cGV0AD1vcmcuc3ByaW5nZnJhbWV3b3JrLmJhdGNoLmNvcmUuc3RlcC5pdGVtLkNodW5rT3JpZW50ZWRUYXNrbGV0dAANYmF0Y2gudmVyc2lvbnQABTUuMS4xdAAOYmF0Y2guc3RlcFR5cGV0ADdvcmcuc3ByaW5nZnJhbWV3b3JrLmJhdGNoLmNvcmUuc3RlcC50YXNrbGV0LlRhc2tsZXRTdGVwdAAXaGVhbHRoUmVhZGVyLnJlYWQuY291bnRzcgARamF2YS5sYW5nLkludGVnZXIS4qCk94GHOAIAAUkABXZhbHVleHIAEGphdmEubGFuZy5OdW1iZXKGrJUdC5TgiwIAAHhwAAAADXg=',NULL),(92,'rO0ABXNyABFqYXZhLnV0aWwuSGFzaE1hcAUH2sHDFmDRAwACRgAKbG9hZEZhY3RvckkACXRocmVzaG9sZHhwP0AAAAAAAAx3CAAAABAAAAAEdAARYmF0Y2gudGFza2xldFR5cGV0AD1vcmcuc3ByaW5nZnJhbWV3b3JrLmJhdGNoLmNvcmUuc3RlcC5pdGVtLkNodW5rT3JpZW50ZWRUYXNrbGV0dAANYmF0Y2gudmVyc2lvbnQABTUuMS4xdAAOYmF0Y2guc3RlcFR5cGV0ADdvcmcuc3ByaW5nZnJhbWV3b3JrLmJhdGNoLmNvcmUuc3RlcC50YXNrbGV0LlRhc2tsZXRTdGVwdAAXZmFtaWx5UmVhZGVyLnJlYWQuY291bnRzcgARamF2YS5sYW5nLkludGVnZXIS4qCk94GHOAIAAUkABXZhbHVleHIAEGphdmEubGFuZy5OdW1iZXKGrJUdC5TgiwIAAHhwAAAAAXg=',NULL),(93,'rO0ABXNyABFqYXZhLnV0aWwuSGFzaE1hcAUH2sHDFmDRAwACRgAKbG9hZEZhY3RvckkACXRocmVzaG9sZHhwP0AAAAAAAAx3CAAAABAAAAAEdAARYmF0Y2gudGFza2xldFR5cGV0AD1vcmcuc3ByaW5nZnJhbWV3b3JrLmJhdGNoLmNvcmUuc3RlcC5pdGVtLkNodW5rT3JpZW50ZWRUYXNrbGV0dAANYmF0Y2gudmVyc2lvbnQABTUuMS4xdAAOYmF0Y2guc3RlcFR5cGV0ADdvcmcuc3ByaW5nZnJhbWV3b3JrLmJhdGNoLmNvcmUuc3RlcC50YXNrbGV0LlRhc2tsZXRTdGVwdAAYdmFjY2luZVJlYWRlci5yZWFkLmNvdW50c3IAEWphdmEubGFuZy5JbnRlZ2VyEuKgpPeBhzgCAAFJAAV2YWx1ZXhyABBqYXZhLmxhbmcuTnVtYmVyhqyVHQuU4IsCAAB4cAAAACp4',NULL),(94,'rO0ABXNyABFqYXZhLnV0aWwuSGFzaE1hcAUH2sHDFmDRAwACRgAKbG9hZEZhY3RvckkACXRocmVzaG9sZHhwP0AAAAAAAAx3CAAAABAAAAAEdAARYmF0Y2gudGFza2xldFR5cGV0AD1vcmcuc3ByaW5nZnJhbWV3b3JrLmJhdGNoLmNvcmUuc3RlcC5pdGVtLkNodW5rT3JpZW50ZWRUYXNrbGV0dAANYmF0Y2gudmVyc2lvbnQABTUuMS4xdAAOYmF0Y2guc3RlcFR5cGV0ADdvcmcuc3ByaW5nZnJhbWV3b3JrLmJhdGNoLmNvcmUuc3RlcC50YXNrbGV0LlRhc2tsZXRTdGVwdAAXZmFtaWx5UmVhZGVyLnJlYWQuY291bnRzcgARamF2YS5sYW5nLkludGVnZXIS4qCk94GHOAIAAUkABXZhbHVleHIAEGphdmEubGFuZy5OdW1iZXKGrJUdC5TgiwIAAHhwAAAAAXg=',NULL),(95,'rO0ABXNyABFqYXZhLnV0aWwuSGFzaE1hcAUH2sHDFmDRAwACRgAKbG9hZEZhY3RvckkACXRocmVzaG9sZHhwP0AAAAAAAAx3CAAAABAAAAAEdAARYmF0Y2gudGFza2xldFR5cGV0AD1vcmcuc3ByaW5nZnJhbWV3b3JrLmJhdGNoLmNvcmUuc3RlcC5pdGVtLkNodW5rT3JpZW50ZWRUYXNrbGV0dAANYmF0Y2gudmVyc2lvbnQABTUuMS4xdAAOYmF0Y2guc3RlcFR5cGV0ADdvcmcuc3ByaW5nZnJhbWV3b3JrLmJhdGNoLmNvcmUuc3RlcC50YXNrbGV0LlRhc2tsZXRTdGVwdAAXaGVhbHRoUmVhZGVyLnJlYWQuY291bnRzcgARamF2YS5sYW5nLkludGVnZXIS4qCk94GHOAIAAUkABXZhbHVleHIAEGphdmEubGFuZy5OdW1iZXKGrJUdC5TgiwIAAHhwAAAADXg=',NULL),(96,'rO0ABXNyABFqYXZhLnV0aWwuSGFzaE1hcAUH2sHDFmDRAwACRgAKbG9hZEZhY3RvckkACXRocmVzaG9sZHhwP0AAAAAAAAx3CAAAABAAAAAEdAARYmF0Y2gudGFza2xldFR5cGV0AD1vcmcuc3ByaW5nZnJhbWV3b3JrLmJhdGNoLmNvcmUuc3RlcC5pdGVtLkNodW5rT3JpZW50ZWRUYXNrbGV0dAANYmF0Y2gudmVyc2lvbnQABTUuMS4xdAAOYmF0Y2guc3RlcFR5cGV0ADdvcmcuc3ByaW5nZnJhbWV3b3JrLmJhdGNoLmNvcmUuc3RlcC50YXNrbGV0LlRhc2tsZXRTdGVwdAAXZmFtaWx5UmVhZGVyLnJlYWQuY291bnRzcgARamF2YS5sYW5nLkludGVnZXIS4qCk94GHOAIAAUkABXZhbHVleHIAEGphdmEubGFuZy5OdW1iZXKGrJUdC5TgiwIAAHhwAAAAAXg=',NULL),(97,'rO0ABXNyABFqYXZhLnV0aWwuSGFzaE1hcAUH2sHDFmDRAwACRgAKbG9hZEZhY3RvckkACXRocmVzaG9sZHhwP0AAAAAAAAx3CAAAABAAAAAEdAARYmF0Y2gudGFza2xldFR5cGV0AD1vcmcuc3ByaW5nZnJhbWV3b3JrLmJhdGNoLmNvcmUuc3RlcC5pdGVtLkNodW5rT3JpZW50ZWRUYXNrbGV0dAANYmF0Y2gudmVyc2lvbnQABTUuMS4xdAAOYmF0Y2guc3RlcFR5cGV0ADdvcmcuc3ByaW5nZnJhbWV3b3JrLmJhdGNoLmNvcmUuc3RlcC50YXNrbGV0LlRhc2tsZXRTdGVwdAAYdmFjY2luZVJlYWRlci5yZWFkLmNvdW50c3IAEWphdmEubGFuZy5JbnRlZ2VyEuKgpPeBhzgCAAFJAAV2YWx1ZXhyABBqYXZhLmxhbmcuTnVtYmVyhqyVHQuU4IsCAAB4cAAAACp4',NULL);
/*!40000 ALTER TABLE `batch_step_execution_context` ENABLE KEYS */;
UNLOCK TABLES;

--
-- Table structure for table `batch_step_execution_seq`
--

DROP TABLE IF EXISTS `batch_step_execution_seq`;
/*!40101 SET @saved_cs_client     = @@character_set_client */;
/*!50503 SET character_set_client = utf8mb4 */;
CREATE TABLE `batch_step_execution_seq` (
  `ID` bigint NOT NULL,
  `UNIQUE_KEY` char(1) NOT NULL,
  UNIQUE KEY `UNIQUE_KEY_UN` (`UNIQUE_KEY`)
) ENGINE=InnoDB DEFAULT CHARSET=utf8mb4 COLLATE=utf8mb4_0900_ai_ci;
/*!40101 SET character_set_client = @saved_cs_client */;

--
-- Dumping data for table `batch_step_execution_seq`
--

LOCK TABLES `batch_step_execution_seq` WRITE;
/*!40000 ALTER TABLE `batch_step_execution_seq` DISABLE KEYS */;
INSERT INTO `batch_step_execution_seq` VALUES (97,'0');
/*!40000 ALTER TABLE `batch_step_execution_seq` ENABLE KEYS */;
UNLOCK TABLES;

--
-- Table structure for table `danger`
--

DROP TABLE IF EXISTS `danger`;
/*!40101 SET @saved_cs_client     = @@character_set_client */;
/*!50503 SET character_set_client = utf8mb4 */;
CREATE TABLE `danger` (
  `danger_id` bigint NOT NULL AUTO_INCREMENT,
  `created_at` datetime(6) NOT NULL,
  `danger_cnt` int NOT NULL,
  `danger_type` enum('flip','insert_into_mouth','stand_up','exit_area') NOT NULL,
  `baby_id` bigint DEFAULT NULL,
  PRIMARY KEY (`danger_id`),
  KEY `FKfkx1rqb1ctwyetpsm7dilkr4w` (`baby_id`),
  CONSTRAINT `FKfkx1rqb1ctwyetpsm7dilkr4w` FOREIGN KEY (`baby_id`) REFERENCES `baby` (`baby_id`)
) ENGINE=InnoDB DEFAULT CHARSET=utf8mb4 COLLATE=utf8mb4_0900_ai_ci;
/*!40101 SET character_set_client = @saved_cs_client */;

--
-- Dumping data for table `danger`
--

LOCK TABLES `danger` WRITE;
/*!40000 ALTER TABLE `danger` DISABLE KEYS */;
/*!40000 ALTER TABLE `danger` ENABLE KEYS */;
UNLOCK TABLES;

--
-- Table structure for table `family`
--

DROP TABLE IF EXISTS `family`;
/*!40101 SET @saved_cs_client     = @@character_set_client */;
/*!50503 SET character_set_client = utf8mb4 */;
CREATE TABLE `family` (
  `family_id` bigint NOT NULL AUTO_INCREMENT,
  `family_code` varchar(255) NOT NULL,
  `family_rank` int NOT NULL DEFAULT '1',
  `role` enum('Mother','Father','Brother','Sister','Grandfather','Grandmother','Others','None') NOT NULL,
  `baby_id` bigint DEFAULT NULL,
  `user_id` bigint DEFAULT NULL,
  PRIMARY KEY (`family_id`),
  KEY `FKiiryjb0hyn8hyopqfxvo8rmcy` (`baby_id`),
  KEY `FKgdkcba7blqyemh00y1wmf5ric` (`user_id`),
  CONSTRAINT `FKgdkcba7blqyemh00y1wmf5ric` FOREIGN KEY (`user_id`) REFERENCES `user` (`user_id`),
  CONSTRAINT `FKiiryjb0hyn8hyopqfxvo8rmcy` FOREIGN KEY (`baby_id`) REFERENCES `baby` (`baby_id`)
) ENGINE=InnoDB DEFAULT CHARSET=utf8mb4 COLLATE=utf8mb4_0900_ai_ci;
/*!40101 SET character_set_client = @saved_cs_client */;

--
-- Dumping data for table `family`
--

LOCK TABLES `family` WRITE;
/*!40000 ALTER TABLE `family` DISABLE KEYS */;
/*!40000 ALTER TABLE `family` ENABLE KEYS */;
UNLOCK TABLES;

--
-- Table structure for table `health`
--

DROP TABLE IF EXISTS `health`;
/*!40101 SET @saved_cs_client     = @@character_set_client */;
/*!50503 SET character_set_client = utf8mb4 */;
CREATE TABLE `health` (
  `health_id` int NOT NULL AUTO_INCREMENT,
  `end_at` int NOT NULL,
  `health_title` varchar(255) NOT NULL,
  `start_at` int NOT NULL,
  PRIMARY KEY (`health_id`),
  UNIQUE KEY `UK_28j0mmx7i2nv7vs8pf03ul6cf` (`health_title`)
) ENGINE=InnoDB AUTO_INCREMENT=13 DEFAULT CHARSET=utf8mb4 COLLATE=utf8mb4_0900_ai_ci;
/*!40101 SET character_set_client = @saved_cs_client */;

--
-- Dumping data for table `health`
--

LOCK TABLES `health` WRITE;
/*!40000 ALTER TABLE `health` DISABLE KEYS */;
INSERT INTO `health` VALUES (1,35,'1 ',14),(2,6,'2 ',4),(3,12,'3 ',9),(4,24,'4 ',18),(5,29,'4 ',18),(6,36,'5 ',30),(7,41,'5 ',30),(8,48,'6 ',42),(9,53,'6 ',42),(10,60,'7 ',54),(11,65,'7 ',54),(12,71,'8 ',66);
/*!40000 ALTER TABLE `health` ENABLE KEYS */;
UNLOCK TABLES;

--
-- Table structure for table `notification`
--

DROP TABLE IF EXISTS `notification`;
/*!40101 SET @saved_cs_client     = @@character_set_client */;
/*!50503 SET character_set_client = utf8mb4 */;
CREATE TABLE `notification` (
  `notification_id` bigint NOT NULL AUTO_INCREMENT,
  `content` varchar(255) NOT NULL,
  `created_at` datetime(6) NOT NULL,
  `is_checked` bit(1) NOT NULL DEFAULT b'0',
  `notification_type` enum('dangerous','generalHealthDay','generalHealthWeek','generalVaccineDay','generalVaccineWeek') NOT NULL,
  `title` varchar(255) NOT NULL,
  `baby_id` bigint DEFAULT NULL,
  `user_id` bigint DEFAULT NULL,
  PRIMARY KEY (`notification_id`),
  KEY `FK9on1qborp4occ5d644wxsr4k6` (`baby_id`),
  KEY `FKb0yvoep4h4k92ipon31wmdf7e` (`user_id`),
  CONSTRAINT `FK9on1qborp4occ5d644wxsr4k6` FOREIGN KEY (`baby_id`) REFERENCES `baby` (`baby_id`),
  CONSTRAINT `FKb0yvoep4h4k92ipon31wmdf7e` FOREIGN KEY (`user_id`) REFERENCES `user` (`user_id`)
) ENGINE=InnoDB DEFAULT CHARSET=utf8mb4 COLLATE=utf8mb4_0900_ai_ci;
/*!40101 SET character_set_client = @saved_cs_client */;

--
-- Dumping data for table `notification`
--

LOCK TABLES `notification` WRITE;
/*!40000 ALTER TABLE `notification` DISABLE KEYS */;
/*!40000 ALTER TABLE `notification` ENABLE KEYS */;
UNLOCK TABLES;

--
-- Table structure for table `oauth`
--

DROP TABLE IF EXISTS `oauth`;
/*!40101 SET @saved_cs_client     = @@character_set_client */;
/*!50503 SET character_set_client = utf8mb4 */;
CREATE TABLE `oauth` (
  `oauth_id` bigint NOT NULL,
  `account_email` varchar(255) NOT NULL,
  `name` varchar(255) NOT NULL,
  `profile_img` varchar(255) NOT NULL,
  PRIMARY KEY (`oauth_id`)
) ENGINE=InnoDB DEFAULT CHARSET=utf8mb4 COLLATE=utf8mb4_0900_ai_ci;
/*!40101 SET character_set_client = @saved_cs_client */;

--
-- Dumping data for table `oauth`
--

LOCK TABLES `oauth` WRITE;
/*!40000 ALTER TABLE `oauth` DISABLE KEYS */;
/*!40000 ALTER TABLE `oauth` ENABLE KEYS */;
UNLOCK TABLES;

--
-- Table structure for table `sleep`
--

DROP TABLE IF EXISTS `sleep`;
/*!40101 SET @saved_cs_client     = @@character_set_client */;
/*!50503 SET character_set_client = utf8mb4 */;
CREATE TABLE `sleep` (
  `sleep_id` bigint NOT NULL AUTO_INCREMENT,
  `created_at` datetime(6) DEFAULT NULL,
  `end_at` datetime(6) DEFAULT NULL,
  `sleep_cnt` int DEFAULT NULL,
  `sleep_time` int DEFAULT NULL,
  `baby_id` bigint DEFAULT NULL,
  PRIMARY KEY (`sleep_id`),
  KEY `FK8r62nwfsmupdwkwqa7987bdhk` (`baby_id`),
  CONSTRAINT `FK8r62nwfsmupdwkwqa7987bdhk` FOREIGN KEY (`baby_id`) REFERENCES `baby` (`baby_id`)
) ENGINE=InnoDB DEFAULT CHARSET=utf8mb4 COLLATE=utf8mb4_0900_ai_ci;
/*!40101 SET character_set_client = @saved_cs_client */;

--
-- Dumping data for table `sleep`
--

LOCK TABLES `sleep` WRITE;
/*!40000 ALTER TABLE `sleep` DISABLE KEYS */;
/*!40000 ALTER TABLE `sleep` ENABLE KEYS */;
UNLOCK TABLES;

--
-- Table structure for table `stamp`
--

DROP TABLE IF EXISTS `stamp`;
/*!40101 SET @saved_cs_client     = @@character_set_client */;
/*!50503 SET character_set_client = utf8mb4 */;
CREATE TABLE `stamp` (
  `stamp_id` bigint NOT NULL AUTO_INCREMENT,
  `created_at` datetime(6) NOT NULL,
  `memo` varchar(255) DEFAULT NULL,
  `stamp_img` varchar(255) DEFAULT NULL,
  `step` bigint NOT NULL,
  `baby_id` bigint NOT NULL,
  PRIMARY KEY (`stamp_id`),
  KEY `FKgoacxgohowvcggiak4gcqrkkf` (`baby_id`),
  CONSTRAINT `FKgoacxgohowvcggiak4gcqrkkf` FOREIGN KEY (`baby_id`) REFERENCES `baby` (`baby_id`)
) ENGINE=InnoDB DEFAULT CHARSET=utf8mb4 COLLATE=utf8mb4_0900_ai_ci;
/*!40101 SET character_set_client = @saved_cs_client */;

--
-- Dumping data for table `stamp`
--

LOCK TABLES `stamp` WRITE;
/*!40000 ALTER TABLE `stamp` DISABLE KEYS */;
/*!40000 ALTER TABLE `stamp` ENABLE KEYS */;
UNLOCK TABLES;

--
-- Table structure for table `stop_motion`
--

DROP TABLE IF EXISTS `stop_motion`;
/*!40101 SET @saved_cs_client     = @@character_set_client */;
/*!50503 SET character_set_client = utf8mb4 */;
CREATE TABLE `stop_motion` (
  `motion_id` bigint NOT NULL AUTO_INCREMENT,
  `created_at` datetime(6) NOT NULL,
  `motion_url` varchar(255) NOT NULL,
  `baby_id` bigint NOT NULL,
  `count` int NOT NULL,
  PRIMARY KEY (`motion_id`),
  KEY `FKsbw5dlgx3e1oun0o7f0ylvdet` (`baby_id`),
  CONSTRAINT `FKsbw5dlgx3e1oun0o7f0ylvdet` FOREIGN KEY (`baby_id`) REFERENCES `baby` (`baby_id`)
) ENGINE=InnoDB DEFAULT CHARSET=utf8mb4 COLLATE=utf8mb4_0900_ai_ci;
/*!40101 SET character_set_client = @saved_cs_client */;

--
-- Dumping data for table `stop_motion`
--

LOCK TABLES `stop_motion` WRITE;
/*!40000 ALTER TABLE `stop_motion` DISABLE KEYS */;
/*!40000 ALTER TABLE `stop_motion` ENABLE KEYS */;
UNLOCK TABLES;

--
-- Table structure for table `user`
--

DROP TABLE IF EXISTS `user`;
/*!40101 SET @saved_cs_client     = @@character_set_client */;
/*!50503 SET character_set_client = utf8mb4 */;
CREATE TABLE `user` (
  `user_id` bigint NOT NULL,
  `fcm_token` varchar(255) DEFAULT NULL,
  `is_danger` bit(1) NOT NULL DEFAULT b'1',
  `is_general` bit(1) NOT NULL DEFAULT b'1',
  `is_sound` bit(1) NOT NULL DEFAULT b'1',
  `user_state` bit(1) NOT NULL DEFAULT b'0',
  `oauth_id` bigint DEFAULT NULL,
  PRIMARY KEY (`user_id`),
  UNIQUE KEY `UK_fp14w69ceg7fvfntl0wk325q5` (`oauth_id`),
  CONSTRAINT `FKt78th9rp1tsjuai4e7hdmd0de` FOREIGN KEY (`oauth_id`) REFERENCES `oauth` (`oauth_id`)
) ENGINE=InnoDB DEFAULT CHARSET=utf8mb4 COLLATE=utf8mb4_0900_ai_ci;
/*!40101 SET character_set_client = @saved_cs_client */;

--
-- Dumping data for table `user`
--

LOCK TABLES `user` WRITE;
/*!40000 ALTER TABLE `user` DISABLE KEYS */;
/*!40000 ALTER TABLE `user` ENABLE KEYS */;
UNLOCK TABLES;

--
-- Table structure for table `vaccine`
--

DROP TABLE IF EXISTS `vaccine`;
/*!40101 SET @saved_cs_client     = @@character_set_client */;
/*!50503 SET character_set_client = utf8mb4 */;
CREATE TABLE `vaccine` (
  `vaccine_id` int NOT NULL AUTO_INCREMENT,
  `end_at` int NOT NULL,
  `start_at` int NOT NULL,
  `target` varchar(255) NOT NULL,
  `type` varchar(255) NOT NULL,
  PRIMARY KEY (`vaccine_id`),
  UNIQUE KEY `UK_styrrj8nvoejb0pi17ddpycxj` (`type`)
) ENGINE=InnoDB AUTO_INCREMENT=42 DEFAULT CHARSET=utf8mb4 COLLATE=utf8mb4_0900_ai_ci;
/*!40101 SET character_set_client = @saved_cs_client */;

--
-- Dumping data for table `vaccine`
--

LOCK TABLES `vaccine` WRITE;
/*!40000 ALTER TABLE `vaccine` DISABLE KEYS */;
INSERT INTO `vaccine` VALUES (1,0,0,'B','HepB 1'),(2,2,1,'B','HepB 2'),(3,7,6,'B','HepB 3'),(4,1,0,'','BCG'),(5,3,2,'//','DTaP 1'),(6,5,4,'//','DTaP 2'),(7,7,6,'//','DTaP 3'),(8,19,15,'//','DTaP 4'),(9,84,48,'//','DTaP 5'),(10,156,132,'//','Tdap/Td 6'),(11,3,2,'','IPV 1'),(12,5,4,'','IPV 2'),(13,19,6,'','IPV 3'),(14,84,48,'','IPV 4'),(15,3,2,'b ','Hib 1'),(16,5,4,'b ','Hib 2'),(17,7,6,'b ','Hib 3'),(18,16,12,'b ','Hib 4'),(19,3,2,' ','PCV 1'),(20,5,4,' ','PCV 2'),(21,7,6,' ','PCV 3'),(22,16,12,' ','PCV 4'),(23,3,2,' ','RV 1'),(24,5,4,' ','RV1 2'),(25,3,2,' ','RV5 1'),(26,5,4,' ','RV5 2'),(27,7,6,' ','RV5 3'),(28,16,12,'//','MMR 1'),(29,73,48,'//','MMR 2'),(30,16,12,'','VAR 1'),(31,24,12,'A','HepA 1'),(32,36,24,'A','HepA 2'),(33,19,12,'','IJEV( ) 1'),(34,24,19,'','IJEV( ) 2'),(35,36,24,'','IJEV( ) 3'),(36,84,72,'','IJEV( ) 4'),(37,156,144,'','IJEV( ) 5'),(38,24,12,'','LJEV( ) 1'),(39,36,24,'','LJEV( ) 2'),(40,144,132,'  ','HPV 1'),(41,156,144,'  ','HPV 2');
/*!40000 ALTER TABLE `vaccine` ENABLE KEYS */;
UNLOCK TABLES;
/*!40103 SET TIME_ZONE=@OLD_TIME_ZONE */;

/*!40101 SET SQL_MODE=@OLD_SQL_MODE */;
/*!40014 SET FOREIGN_KEY_CHECKS=@OLD_FOREIGN_KEY_CHECKS */;
/*!40014 SET UNIQUE_CHECKS=@OLD_UNIQUE_CHECKS */;
/*!40101 SET CHARACTER_SET_CLIENT=@OLD_CHARACTER_SET_CLIENT */;
/*!40101 SET CHARACTER_SET_RESULTS=@OLD_CHARACTER_SET_RESULTS */;
/*!40101 SET COLLATION_CONNECTION=@OLD_COLLATION_CONNECTION */;
/*!40111 SET SQL_NOTES=@OLD_SQL_NOTES */;

-- Dump completed on 2024-04-03 10:10:36
